Date,total,y0-9,y10-19,y20-29,y30-39,y40-49,y50-59,y60-69,y70-79,y80,import
2020-01-19,1 ,0 ,0 ,0 ,1 ,0 ,0 ,0 ,0 ,0 ,1 
2020-01-20,0 ,0 ,0 ,0 ,0 ,0 ,0 ,0 ,0 ,0 ,0 
2020-01-21,0 ,0 ,0 ,0 ,0 ,0 ,0 ,0 ,0 ,0 ,0 
2020-01-22,0 ,0 ,0 ,0 ,0 ,0 ,0 ,0 ,0 ,0 ,0 
2020-01-23,1 ,0 ,0 ,0 ,0 ,0 ,1 ,0 ,0 ,0 ,1 
2020-01-24,0 ,0 ,0 ,0 ,0 ,0 ,0 ,0 ,0 ,0 ,0 
2020-01-25,1 ,0 ,0 ,0 ,0 ,0 ,1 ,0 ,0 ,0 ,1 
2020-01-26,1 ,0 ,0 ,0 ,0 ,0 ,1 ,0 ,0 ,0 ,1 
2020-01-27,0 ,0 ,0 ,0 ,0 ,0 ,0 ,0 ,0 ,0 ,0 
2020-01-28,0 ,0 ,0 ,0 ,0 ,0 ,0 ,0 ,0 ,0 ,0 
2020-01-29,3 ,0 ,0 ,1 ,1 ,0 ,1 ,0 ,0 ,0 ,2 
2020-01-30,4 ,0 ,0 ,2 ,0 ,0 ,1 ,1 ,0 ,0 ,1 
2020-01-31,1 ,0 ,0 ,0 ,0 ,1 ,0 ,0 ,0 ,0 ,1 
2020-02-01,3 ,0 ,0 ,1 ,0 ,2 ,0 ,0 ,0 ,0 ,2 
2020-02-02,0 ,0 ,0 ,0 ,0 ,0 ,0 ,0 ,0 ,0 ,0 
2020-02-03,1 ,0 ,0 ,0 ,0 ,1 ,0 ,0 ,0 ,0 ,1 
2020-02-04,5 ,0 ,0 ,1 ,2 ,1 ,1 ,0 ,0 ,0 ,2 
2020-02-05,3 ,0 ,0 ,1 ,0 ,1 ,1 ,0 ,0 ,0 ,2 
2020-02-06,0 ,0 ,0 ,0 ,0 ,0 ,0 ,0 ,0 ,0 ,0 
2020-02-07,0 ,0 ,0 ,0 ,0 ,0 ,0 ,0 ,0 ,0 ,0 
2020-02-08,3 ,0 ,0 ,0 ,1 ,0 ,1 ,0 ,1 ,0 ,2 
2020-02-09,1 ,0 ,0 ,0 ,1 ,0 ,0 ,0 ,0 ,0 ,0 
2020-02-10,0 ,0 ,0 ,0 ,0 ,0 ,0 ,0 ,0 ,0 ,0 
2020-02-11,0 ,0 ,0 ,0 ,0 ,0 ,0 ,0 ,0 ,0 ,0 
2020-02-12,0 ,0 ,0 ,0 ,0 ,0 ,0 ,0 ,0 ,0 ,0 
2020-02-13,0 ,0 ,0 ,0 ,0 ,0 ,0 ,0 ,0 ,0 ,0 
2020-02-14,0 ,0 ,0 ,0 ,0 ,0 ,0 ,0 ,0 ,0 ,0 
2020-02-15,2 ,0 ,0 ,0 ,0 ,0 ,0 ,1 ,0 ,1 ,0 
2020-02-16,0 ,0 ,0 ,0 ,0 ,0 ,0 ,0 ,0 ,0 ,0 
2020-02-17,2 ,0 ,1 ,0 ,0 ,0 ,0 ,1 ,0 ,0 ,0 
2020-02-18,34 ,0 ,0 ,8 ,3 ,4 ,11 ,4 ,4 ,0 ,0 
2020-02-19,16 ,0 ,1 ,4 ,3 ,2 ,4 ,2 ,0 ,0 ,0 
2020-02-20,74 ,0 ,1 ,16 ,7 ,17 ,16 ,10 ,6 ,1 ,0 
2020-02-21,190 ,0 ,5 ,24 ,19 ,28 ,59 ,47 ,7 ,1 ,0 
2020-02-22,210 ,1 ,4 ,53 ,21 ,37 ,51 ,30 ,10 ,3 ,1 
2020-02-23,207 ,1 ,6 ,46 ,34 ,32 ,49 ,28 ,9 ,2 ,1 
2020-02-24,130 ,0 ,6 ,38 ,19 ,20 ,26 ,17 ,3 ,1 ,1 
2020-02-25,253 ,1 ,7 ,78 ,32 ,32 ,43 ,43 ,12 ,5 ,1 
2020-02-26,449 ,6 ,20 ,167 ,49 ,59 ,80 ,42 ,21 ,5 ,2 
2020-02-27,427 ,4 ,24 ,114 ,59 ,66 ,87 ,44 ,19 ,10 ,0 
2020-02-28,909 ,6 ,24 ,302 ,108 ,134 ,149 ,120 ,41 ,25 ,0 
2020-02-29,595 ,7 ,42 ,200 ,66 ,81 ,103 ,63 ,24 ,9 ,2 
2020-03-01,686 ,5 ,29 ,181 ,82 ,113 ,146 ,82 ,33 ,15 ,2 
2020-03-02,600 ,3 ,37 ,179 ,73 ,81 ,118 ,65 ,32 ,12 ,1 
2020-03-03,516 ,0 ,29 ,158 ,53 ,79 ,100 ,47 ,35 ,15 ,0 
2020-03-04,438 ,4 ,25 ,154 ,27 ,54 ,74 ,53 ,30 ,17 ,1 
2020-03-05,518 ,7 ,35 ,148 ,33 ,43 ,89 ,65 ,54 ,44 ,0 
2020-03-06,483 ,7 ,34 ,154 ,33 ,54 ,70 ,65 ,43 ,23 ,0 
2020-03-07,367 ,6 ,33 ,103 ,32 ,34 ,64 ,48 ,26 ,21 ,1 
2020-03-08,248 ,8 ,18 ,60 ,18 ,30 ,42 ,38 ,29 ,5 ,1 
2020-03-09,131 ,1 ,12 ,21 ,11 ,25 ,26 ,13 ,16 ,6 ,0 
2020-03-10,242 ,8 ,12 ,25 ,15 ,52 ,56 ,31 ,29 ,14 ,3 
2020-03-11,114 ,1 ,7 ,21 ,8 ,18 ,25 ,12 ,14 ,8 ,2 
2020-03-12,110 ,1 ,9 ,13 ,12 ,16 ,28 ,13 ,9 ,9 ,3 
2020-03-13,107 ,4 ,3 ,15 ,10 ,16 ,27 ,15 ,9 ,8 ,5 
2020-03-14,76 ,2 ,3 ,12 ,9 ,9 ,17 ,12 ,10 ,2 ,4 
2020-03-15,74 ,2 ,5 ,13 ,7 ,6 ,17 ,12 ,5 ,7 ,4 
2020-03-16,84 ,1 ,4 ,17 ,7 ,17 ,16 ,10 ,8 ,4 ,5 
2020-03-17,93 ,1 ,2 ,12 ,17 ,7 ,14 ,25 ,3 ,12 ,13 
2020-03-18,152 ,5 ,5 ,16 ,13 ,10 ,27 ,21 ,20 ,35 ,17 
2020-03-19,87 ,6 ,8 ,7 ,7 ,12 ,14 ,19 ,6 ,8 ,14 
2020-03-20,147 ,1 ,6 ,15 ,7 ,10 ,16 ,19 ,21 ,52 ,21 
2020-03-21,98 ,2 ,3 ,16 ,9 ,19 ,19 ,13 ,6 ,11 ,21 
2020-03-22,64 ,2 ,0 ,21 ,8 ,7 ,11 ,7 ,4 ,4 ,18 
2020-03-23,76 ,3 ,7 ,22 ,3 ,6 ,14 ,7 ,9 ,5 ,30 
2020-03-24,100 ,0 ,7 ,34 ,23 ,12 ,7 ,9 ,3 ,5 ,58 
2020-03-25,104 ,1 ,13 ,35 ,12 ,6 ,14 ,8 ,5 ,10 ,48 
2020-03-26,91 ,2 ,8 ,24 ,5 ,4 ,14 ,8 ,14 ,12 ,34 
2020-03-27,146 ,1 ,5 ,34 ,19 ,22 ,28 ,31 ,2 ,4 ,56 
2020-03-28,105 ,2 ,7 ,35 ,15 ,14 ,19 ,8 ,3 ,2 ,67 
2020-03-29,78 ,1 ,5 ,28 ,9 ,5 ,14 ,8 ,5 ,3 ,43 
2020-03-30,125 ,0 ,3 ,25 ,10 ,16 ,37 ,18 ,11 ,5 ,37 
2020-03-31,101 ,3 ,4 ,28 ,14 ,11 ,14 ,10 ,7 ,10 ,45 
2020-04-01,89 ,3 ,3 ,22 ,16 ,11 ,15 ,12 ,5 ,2 ,46 
2020-04-02,86 ,2 ,6 ,30 ,9 ,13 ,9 ,9 ,5 ,3 ,49 
2020-04-03,94 ,1 ,2 ,27 ,14 ,8 ,10 ,17 ,10 ,5 ,41 
2020-04-04,81 ,2 ,5 ,28 ,17 ,12 ,6 ,7 ,3 ,1 ,50 
2020-04-05,47 ,2 ,7 ,15 ,3 ,5 ,2 ,5 ,5 ,3 ,22 
2020-04-06,47 ,0 ,2 ,15 ,6 ,7 ,3 ,10 ,3 ,1 ,24 
2020-04-07,53 ,0 ,4 ,13 ,9 ,5 ,7 ,8 ,3 ,4 ,30 
2020-04-08,39 ,2 ,4 ,12 ,7 ,7 ,1 ,3 ,0 ,3 ,26 
2020-04-09,27 ,1 ,1 ,7 ,5 ,2 ,4 ,4 ,2 ,1 ,10 
2020-04-10,30 ,1 ,5 ,6 ,2 ,2 ,6 ,7 ,0 ,1 ,14 
2020-04-11,32 ,0 ,3 ,12 ,5 ,2 ,4 ,3 ,3 ,0 ,23 
2020-04-12,25 ,2 ,1 ,9 ,3 ,1 ,2 ,5 ,1 ,1 ,15 
2020-04-13,27 ,0 ,3 ,7 ,4 ,4 ,3 ,3 ,2 ,1 ,16 
2020-04-14,27 ,0 ,4 ,10 ,4 ,3 ,2 ,1 ,2 ,1 ,14 
2020-04-15,22 ,3 ,3 ,5 ,1 ,2 ,3 ,2 ,1 ,2 ,11 
2020-04-16,22 ,1 ,4 ,9 ,3 ,1 ,2 ,1 ,1 ,0 ,15 
2020-04-17,18 ,2 ,0 ,9 ,1 ,1 ,2 ,1 ,1 ,1 ,9 
2020-04-18,8 ,0 ,2 ,3 ,1 ,0 ,1 ,0 ,0 ,1 ,6 
2020-04-19,13 ,0 ,3 ,5 ,2 ,0 ,3 ,0 ,0 ,0 ,7 
2020-04-20,9 ,0 ,2 ,1 ,0 ,1 ,3 ,0 ,1 ,1 ,5 
2020-04-21,11 ,0 ,1 ,3 ,1 ,4 ,0 ,1 ,1 ,0 ,6 
2020-04-22,8 ,0 ,1 ,2 ,1 ,1 ,1 ,0 ,1 ,1 ,4 
2020-04-23,6 ,0 ,1 ,1 ,1 ,0 ,1 ,1 ,0 ,1 ,2 
2020-04-24,10 ,1 ,1 ,3 ,1 ,2 ,0 ,2 ,0 ,0 ,5 
2020-04-25,10 ,1 ,0 ,3 ,5 ,1 ,0 ,0 ,0 ,0 ,9 
2020-04-26,10 ,0 ,2 ,3 ,4 ,1 ,0 ,0 ,0 ,0 ,7 
2020-04-27,14 ,0 ,2 ,5 ,2 ,1 ,2 ,1 ,1 ,0 ,12 
2020-04-28,9 ,0 ,0 ,3 ,2 ,3 ,1 ,0 ,0 ,0 ,5 
2020-04-29,4 ,0 ,0 ,1 ,2 ,1 ,0 ,0 ,0 ,0 ,4 
2020-04-30,9 ,0 ,0 ,5 ,1 ,2 ,0 ,0 ,0 ,1 ,8 
2020-05-01,6 ,0 ,0 ,3 ,1 ,1 ,0 ,1 ,0 ,0 ,6 
2020-05-02,13 ,0 ,1 ,2 ,3 ,2 ,0 ,2 ,1 ,2 ,10 
2020-05-03,8 ,0 ,0 ,2 ,1 ,3 ,0 ,2 ,0 ,0 ,8 
2020-05-04,3 ,0 ,0 ,0 ,1 ,1 ,1 ,0 ,0 ,0 ,3 
2020-05-05,2 ,0 ,0 ,0 ,1 ,0 ,0 ,1 ,0 ,0 ,2 
2020-05-06,4 ,0 ,1 ,2 ,1 ,0 ,0 ,0 ,0 ,0 ,3 
2020-05-07,12 ,1 ,0 ,1 ,7 ,2 ,0 ,1 ,0 ,0 ,11 
2020-05-08,18 ,0 ,2 ,12 ,3 ,0 ,1 ,0 ,0 ,0 ,1 
2020-05-09,34 ,0 ,3 ,19 ,3 ,4 ,2 ,2 ,1 ,0 ,8 
2020-05-10,35 ,0 ,1 ,21 ,8 ,4 ,0 ,1 ,0 ,0 ,6 
2020-05-11,27 ,1 ,4 ,10 ,6 ,2 ,3 ,0 ,0 ,1 ,5 
2020-05-12,26 ,1 ,1 ,13 ,5 ,2 ,1 ,1 ,1 ,1 ,4 
2020-05-13,29 ,0 ,11 ,14 ,3 ,1 ,0 ,0 ,0 ,0 ,3 
2020-05-14,27 ,2 ,3 ,11 ,4 ,2 ,1 ,2 ,2 ,0 ,5 
2020-05-15,19 ,2 ,2 ,7 ,3 ,1 ,1 ,3 ,0 ,0 ,10 
2020-05-16,13 ,0 ,1 ,5 ,2 ,3 ,1 ,0 ,1 ,0 ,7 
2020-05-17,15 ,0 ,1 ,3 ,4 ,5 ,1 ,1 ,0 ,0 ,10 
2020-05-18,13 ,1 ,0 ,5 ,0 ,0 ,3 ,3 ,1 ,0 ,4 
2020-05-19,32 ,0 ,7 ,12 ,4 ,6 ,1 ,1 ,1 ,0 ,8 
2020-05-20,12 ,0 ,4 ,3 ,2 ,3 ,0 ,0 ,0 ,0 ,2 
2020-05-21,20 ,1 ,2 ,8 ,4 ,2 ,2 ,0 ,1 ,0 ,9 
2020-05-22,23 ,0 ,1 ,2 ,6 ,1 ,9 ,3 ,0 ,1 ,4 
2020-05-23,25 ,0 ,2 ,4 ,4 ,7 ,4 ,3 ,1 ,0 ,8 
2020-05-24,16 ,0 ,1 ,3 ,3 ,2 ,5 ,2 ,0 ,0 ,3 
2020-05-25,19 ,1 ,1 ,3 ,4 ,3 ,4 ,1 ,2 ,0 ,3 
2020-05-26,40 ,3 ,2 ,8 ,6 ,3 ,6 ,8 ,3 ,1 ,3 
2020-05-27,79 ,2 ,4 ,15 ,26 ,14 ,12 ,6 ,0 ,0 ,11 
2020-05-28,58 ,1 ,6 ,12 ,9 ,10 ,9 ,8 ,0 ,3 ,3 
2020-05-29,39 ,1 ,5 ,9 ,2 ,4 ,10 ,4 ,1 ,3 ,12 
2020-05-30,27 ,0 ,0 ,9 ,7 ,4 ,6 ,1 ,0 ,0 ,12 
2020-05-31,35 ,1 ,2 ,2 ,4 ,6 ,13 ,5 ,2 ,0 ,5 
2020-06-01,38 ,0 ,2 ,5 ,3 ,2 ,9 ,11 ,5 ,1 ,2 
2020-06-02,49 ,1 ,2 ,5 ,6 ,5 ,9 ,15 ,6 ,0 ,3 
2020-06-03,39 ,1 ,1 ,5 ,3 ,2 ,10 ,9 ,6 ,2 ,6 
2020-06-04,39 ,1 ,1 ,5 ,2 ,4 ,6 ,10 ,7 ,3 ,5 
2020-06-05,51 ,3 ,1 ,2 ,6 ,11 ,8 ,9 ,8 ,3 ,8 
2020-06-06,57 ,1 ,6 ,3 ,6 ,8 ,11 ,12 ,8 ,2 ,4 
2020-06-07,37 ,1 ,1 ,5 ,2 ,5 ,6 ,11 ,3 ,3 ,5 
2020-06-08,38 ,0 ,0 ,3 ,2 ,4 ,10 ,9 ,5 ,5 ,3 
2020-06-09,50 ,1 ,2 ,6 ,9 ,1 ,7 ,16 ,7 ,1 ,7 
2020-06-10,45 ,1 ,3 ,6 ,10 ,4 ,10 ,5 ,5 ,1 ,5 
2020-06-11,56 ,0 ,3 ,11 ,8 ,2 ,16 ,13 ,2 ,1 ,13 
2020-06-12,48 ,0 ,2 ,9 ,1 ,3 ,9 ,8 ,6 ,10 ,5 
2020-06-13,34 ,0 ,0 ,8 ,3 ,6 ,7 ,8 ,1 ,1 ,3 
2020-06-14,37 ,2 ,0 ,5 ,5 ,11 ,6 ,4 ,3 ,1 ,13 
2020-06-15,34 ,2 ,1 ,3 ,4 ,4 ,6 ,8 ,6 ,0 ,13 
2020-06-16,43 ,2 ,1 ,8 ,14 ,2 ,7 ,3 ,5 ,1 ,12 
2020-06-17,59 ,1 ,1 ,10 ,4 ,6 ,9 ,13 ,7 ,8 ,8 
2020-06-18,49 ,0 ,2 ,8 ,9 ,3 ,12 ,11 ,3 ,1 ,17 
2020-06-19,67 ,2 ,4 ,9 ,13 ,8 ,12 ,13 ,3 ,3 ,31 
2020-06-20,48 ,0 ,1 ,5 ,10 ,5 ,8 ,10 ,6 ,3 ,8 
2020-06-21,17 ,0 ,1 ,3 ,4 ,1 ,5 ,2 ,1 ,0 ,6 
2020-06-22,46 ,3 ,0 ,5 ,9 ,9 ,8 ,7 ,4 ,1 ,30 
2020-06-23,51 ,2 ,1 ,3 ,14 ,12 ,10 ,5 ,2 ,2 ,21 
2020-06-24,28 ,1 ,2 ,1 ,9 ,2 ,6 ,5 ,2 ,0 ,5 
2020-06-25,39 ,1 ,1 ,8 ,10 ,5 ,5 ,6 ,1 ,2 ,13 
2020-06-26,51 ,1 ,2 ,14 ,10 ,6 ,5 ,7 ,4 ,2 ,20 
2020-06-27,62 ,2 ,3 ,12 ,13 ,9 ,6 ,13 ,3 ,1 ,22 
2020-06-28,42 ,3 ,1 ,9 ,5 ,6 ,5 ,12 ,1 ,0 ,12 
2020-06-29,42 ,2 ,4 ,10 ,6 ,8 ,6 ,3 ,3 ,0 ,20 
2020-06-30,51 ,0 ,2 ,4 ,12 ,2 ,17 ,6 ,7 ,1 ,15 
2020-07-01,54 ,2 ,2 ,8 ,6 ,2 ,14 ,12 ,7 ,1 ,10 
2020-07-02,61 ,1 ,10 ,10 ,10 ,6 ,7 ,10 ,4 ,3 ,12 
2020-07-03,63 ,3 ,2 ,12 ,16 ,8 ,8 ,9 ,2 ,3 ,27 
2020-07-04,61 ,3 ,3 ,8 ,9 ,11 ,7 ,14 ,6 ,0 ,18 
2020-07-05,48 ,5 ,1 ,8 ,9 ,6 ,9 ,5 ,2 ,3 ,24 
2020-07-06,44 ,1 ,2 ,11 ,7 ,7 ,7 ,7 ,2 ,0 ,24 
2020-07-07,62 ,1 ,3 ,11 ,11 ,15 ,9 ,5 ,6 ,1 ,32 
2020-07-08,50 ,2 ,4 ,11 ,7 ,11 ,10 ,3 ,1 ,1 ,22 
2020-07-09,45 ,3 ,3 ,10 ,9 ,5 ,8 ,3 ,3 ,1 ,22 
2020-07-10,35 ,1 ,0 ,8 ,6 ,2 ,8 ,2 ,4 ,4 ,15 
2020-07-11,44 ,2 ,6 ,4 ,13 ,5 ,3 ,9 ,1 ,1 ,23 
2020-07-12,62 ,3 ,4 ,18 ,15 ,9 ,4 ,5 ,3 ,1 ,43 
2020-07-13,33 ,2 ,2 ,6 ,5 ,3 ,6 ,4 ,4 ,1 ,19 
2020-07-14,39 ,1 ,1 ,4 ,8 ,9 ,9 ,7 ,0 ,0 ,28 
2020-07-15,61 ,6 ,2 ,13 ,15 ,9 ,6 ,6 ,3 ,1 ,47 
2020-07-16,60 ,3 ,1 ,9 ,14 ,14 ,8 ,6 ,3 ,2 ,39 
2020-07-17,39 ,3 ,4 ,10 ,5 ,9 ,7 ,0 ,1 ,0 ,28 
2020-07-18,34 ,3 ,2 ,4 ,9 ,3 ,4 ,6 ,2 ,1 ,13 
2020-07-19,26 ,2 ,2 ,8 ,6 ,4 ,2 ,1 ,0 ,1 ,22 
2020-07-20,45 ,1 ,1 ,12 ,8 ,3 ,5 ,3 ,8 ,4 ,25 
2020-07-21,63 ,0 ,7 ,8 ,8 ,10 ,9 ,11 ,6 ,4 ,34 
2020-07-22,59 ,0 ,4 ,19 ,3 ,8 ,12 ,9 ,4 ,0 ,20 
2020-07-23,41 ,1 ,1 ,3 ,5 ,6 ,8 ,11 ,4 ,2 ,13 
2020-07-24,113 ,1 ,1 ,13 ,38 ,34 ,14 ,8 ,2 ,2 ,86 
2020-07-25,58 ,0 ,0 ,4 ,13 ,15 ,18 ,5 ,1 ,2 ,46 
2020-07-26,25 ,1 ,1 ,5 ,8 ,3 ,0 ,2 ,4 ,1 ,16 
2020-07-27,28 ,2 ,2 ,4 ,4 ,7 ,5 ,3 ,1 ,0 ,23 
2020-07-28,48 ,0 ,1 ,6 ,16 ,11 ,5 ,4 ,5 ,0 ,34 
2020-07-29,18 ,0 ,0 ,2 ,6 ,4 ,0 ,6 ,0 ,0 ,11 
2020-07-30,36 ,1 ,0 ,5 ,13 ,8 ,4 ,3 ,1 ,1 ,22 
2020-07-31,31 ,1 ,0 ,0 ,10 ,6 ,8 ,5 ,1 ,0 ,23 
2020-08-01,30 ,2 ,0 ,5 ,7 ,8 ,4 ,2 ,1 ,1 ,22 
2020-08-02,23 ,2 ,3 ,4 ,2 ,2 ,5 ,4 ,1 ,0 ,20 
2020-08-03,34 ,4 ,5 ,6 ,5 ,6 ,4 ,2 ,0 ,2 ,21 
2020-08-04,33 ,1 ,3 ,6 ,7 ,4 ,6 ,5 ,1 ,0 ,20 
2020-08-05,43 ,0 ,4 ,13 ,3 ,3 ,8 ,9 ,3 ,0 ,20 
2020-08-06,20 ,0 ,4 ,3 ,1 ,5 ,2 ,5 ,0 ,0 ,11 
2020-08-07,43 ,1 ,1 ,7 ,4 ,4 ,10 ,13 ,3 ,0 ,13 
2020-08-08,36 ,4 ,1 ,7 ,5 ,3 ,7 ,7 ,0 ,2 ,6 
2020-08-09,28 ,0 ,0 ,4 ,3 ,3 ,4 ,13 ,1 ,0 ,11 
2020-08-10,34 ,0 ,0 ,6 ,5 ,4 ,9 ,7 ,3 ,0 ,11 
2020-08-11,54 ,1 ,7 ,4 ,11 ,12 ,12 ,2 ,3 ,2 ,19 
2020-08-12,56 ,2 ,6 ,11 ,12 ,5 ,10 ,6 ,2 ,2 ,9 
2020-08-13,103 ,4 ,10 ,14 ,17 ,16 ,19 ,15 ,6 ,2 ,18 
2020-08-14,166 ,4 ,10 ,32 ,20 ,24 ,33 ,29 ,11 ,3 ,12 
2020-08-15,279 ,3 ,23 ,39 ,28 ,35 ,58 ,56 ,31 ,6 ,12 
2020-08-16,197 ,5 ,13 ,22 ,27 ,23 ,37 ,49 ,14 ,7 ,9 
2020-08-17,246 ,5 ,18 ,17 ,27 ,27 ,62 ,66 ,22 ,2 ,11 
2020-08-18,297 ,14 ,17 ,28 ,32 ,39 ,58 ,73 ,29 ,7 ,14 
2020-08-19,288 ,12 ,35 ,31 ,35 ,32 ,55 ,47 ,30 ,11 ,12 
2020-08-20,324 ,6 ,19 ,42 ,40 ,42 ,61 ,74 ,34 ,6 ,9 
2020-08-21,332 ,11 ,19 ,55 ,40 ,48 ,66 ,56 ,34 ,3 ,17 
2020-08-22,396 ,16 ,35 ,34 ,40 ,62 ,82 ,86 ,27 ,14 ,10 
2020-08-23,266 ,9 ,13 ,30 ,35 ,39 ,48 ,52 ,24 ,16 ,8 
2020-08-24,280 ,15 ,18 ,42 ,30 ,33 ,53 ,50 ,30 ,9 ,16 
2020-08-25,320 ,13 ,13 ,37 ,47 ,42 ,60 ,57 ,34 ,17 ,13 
2020-08-26,441 ,9 ,27 ,51 ,49 ,71 ,109 ,65 ,41 ,19 ,7 
2020-08-27,371 ,16 ,18 ,32 ,49 ,52 ,71 ,65 ,48 ,20 ,12 
2020-08-28,323 ,16 ,18 ,31 ,36 ,47 ,54 ,67 ,36 ,18 ,15 
2020-08-29,299 ,10 ,12 ,44 ,39 ,38 ,55 ,72 ,21 ,8 ,16 
2020-08-30,248 ,10 ,11 ,43 ,15 ,28 ,49 ,55 ,26 ,11 ,10 
2020-08-31,235 ,14 ,17 ,25 ,24 ,24 ,46 ,45 ,30 ,10 ,14 
2020-09-01,267 ,10 ,12 ,43 ,25 ,24 ,48 ,51 ,40 ,14 ,14 
2020-09-02,195 ,7 ,7 ,22 ,21 ,29 ,36 ,34 ,22 ,17 ,7 
2020-09-03,198 ,9 ,7 ,17 ,24 ,27 ,39 ,38 ,22 ,15 ,10 
2020-09-04,168 ,3 ,6 ,14 ,19 ,19 ,38 ,42 ,18 ,9 ,10 
2020-09-05,167 ,8 ,3 ,19 ,15 ,25 ,35 ,39 ,16 ,7 ,15 
2020-09-06,119 ,3 ,5 ,13 ,17 ,16 ,22 ,21 ,20 ,2 ,12 
2020-09-07,136 ,5 ,8 ,12 ,17 ,17 ,33 ,27 ,14 ,3 ,16 
2020-09-08,156 ,6 ,8 ,8 ,16 ,15 ,29 ,46 ,22 ,6 ,12 
2020-09-09,155 ,12 ,4 ,12 ,13 ,17 ,29 ,45 ,12 ,11 ,15 
2020-09-10,176 ,3 ,3 ,22 ,19 ,22 ,34 ,40 ,16 ,17 ,15 
2020-09-11,136 ,4 ,5 ,16 ,12 ,18 ,34 ,29 ,14 ,4 ,18 
2020-09-12,121 ,4 ,3 ,24 ,14 ,11 ,19 ,30 ,12 ,4 ,22 
2020-09-13,109 ,2 ,3 ,17 ,11 ,11 ,24 ,26 ,12 ,3 ,11 
2020-09-14,106 ,6 ,8 ,8 ,10 ,18 ,18 ,25 ,11 ,2 ,16 
2020-09-15,113 ,1 ,3 ,14 ,9 ,17 ,22 ,25 ,18 ,4 ,8 
2020-09-16,153 ,5 ,8 ,25 ,11 ,20 ,36 ,27 ,17 ,4 ,8 
2020-09-17,126 ,3 ,4 ,16 ,17 ,21 ,24 ,24 ,12 ,5 ,17 
2020-09-18,110 ,1 ,5 ,6 ,7 ,9 ,35 ,26 ,15 ,6 ,4 
2020-09-19,82 ,1 ,4 ,7 ,10 ,14 ,12 ,17 ,12 ,5 ,10 
2020-09-20,70 ,1 ,4 ,18 ,10 ,6 ,13 ,9 ,9 ,0 ,15 
2020-09-21,61 ,1 ,2 ,6 ,10 ,10 ,16 ,10 ,5 ,1 ,11 
2020-09-22,110 ,4 ,4 ,9 ,10 ,14 ,23 ,19 ,22 ,5 ,11 
2020-09-23,125 ,6 ,4 ,15 ,9 ,17 ,29 ,27 ,9 ,9 ,16 
2020-09-24,114 ,5 ,3 ,12 ,14 ,15 ,19 ,22 ,14 ,10 ,19 
2020-09-25,61 ,1 ,6 ,7 ,7 ,5 ,10 ,16 ,9 ,0 ,12 
2020-09-26,95 ,0 ,4 ,14 ,16 ,12 ,19 ,20 ,7 ,3 ,22 
2020-09-27,50 ,4 ,4 ,5 ,3 ,5 ,10 ,12 ,3 ,4 ,10 
2020-09-28,38 ,2 ,2 ,8 ,7 ,7 ,5 ,4 ,0 ,3 ,15 
2020-09-29,113 ,5 ,5 ,8 ,20 ,20 ,26 ,18 ,9 ,2 ,19 
2020-09-30,77 ,6 ,4 ,7 ,9 ,14 ,13 ,13 ,7 ,4 ,10 
2020-10-01,63 ,3 ,6 ,6 ,10 ,6 ,11 ,13 ,4 ,4 ,10 
2020-10-02,75 ,1 ,1 ,6 ,13 ,11 ,11 ,16 ,13 ,3 ,23 
2020-10-03,64 ,0 ,4 ,4 ,9 ,13 ,8 ,12 ,8 ,6 ,17 
2020-10-04,73 ,0 ,3 ,17 ,9 ,8 ,12 ,14 ,6 ,4 ,9 
2020-10-05,75 ,5 ,8 ,26 ,8 ,2 ,11 ,9 ,4 ,2 ,9 
2020-10-06,114 ,1 ,2 ,8 ,13 ,10 ,28 ,31 ,16 ,5 ,20 
2020-10-07,69 ,6 ,5 ,6 ,7 ,9 ,12 ,11 ,10 ,3 ,9 
2020-10-08,54 ,1 ,11 ,8 ,7 ,6 ,5 ,10 ,4 ,2 ,16 
2020-10-09,72 ,1 ,3 ,11 ,7 ,6 ,11 ,22 ,7 ,4 ,11 
2020-10-10,58 ,4 ,0 ,11 ,14 ,8 ,6 ,6 ,6 ,3 ,12 
2020-10-11,98 ,8 ,2 ,19 ,19 ,16 ,12 ,12 ,8 ,2 ,29 
2020-10-12,91 ,5 ,7 ,18 ,15 ,17 ,10 ,11 ,7 ,1 ,22 
2020-10-13,84 ,4 ,7 ,30 ,11 ,11 ,9 ,8 ,2 ,2 ,31 
2020-10-14,110 ,5 ,3 ,16 ,11 ,11 ,8 ,14 ,11 ,31 ,15 
2020-10-15,47 ,0 ,2 ,7 ,9 ,10 ,8 ,7 ,2 ,2 ,6 
2020-10-16,73 ,2 ,2 ,6 ,15 ,5 ,20 ,17 ,2 ,4 ,11 
2020-10-17,91 ,2 ,4 ,12 ,14 ,14 ,21 ,15 ,8 ,1 ,20 
2020-10-18,76 ,2 ,3 ,13 ,7 ,15 ,13 ,7 ,7 ,9 ,26 
2020-10-19,58 ,3 ,3 ,11 ,7 ,12 ,9 ,9 ,3 ,1 ,17 
2020-10-20,89 ,1 ,4 ,12 ,10 ,18 ,15 ,14 ,5 ,10 ,32 
2020-10-21,121 ,2 ,2 ,18 ,12 ,18 ,24 ,26 ,11 ,8 ,17 
2020-10-22,155 ,2 ,11 ,10 ,18 ,21 ,26 ,26 ,13 ,28 ,17 
2020-10-23,77 ,7 ,7 ,12 ,4 ,9 ,14 ,14 ,5 ,5 ,11 
2020-10-24,61 ,5 ,7 ,10 ,8 ,11 ,9 ,6 ,1 ,4 ,11 
2020-10-25,119 ,6 ,5 ,21 ,25 ,22 ,22 ,11 ,3 ,4 ,25 
2020-10-26,88 ,2 ,7 ,12 ,9 ,14 ,23 ,13 ,4 ,4 ,16 
2020-10-27,103 ,4 ,6 ,20 ,15 ,17 ,20 ,9 ,7 ,5 ,7 
2020-10-28,125 ,11 ,8 ,13 ,23 ,14 ,18 ,24 ,10 ,4 ,18 
2020-10-29,113 ,8 ,9 ,16 ,16 ,19 ,16 ,19 ,6 ,4 ,20 
2020-10-30,127 ,7 ,5 ,21 ,22 ,18 ,26 ,8 ,10 ,10 ,31 
2020-10-31,124 ,5 ,14 ,24 ,19 ,25 ,13 ,15 ,6 ,3 ,23 
2020-11-01,97 ,7 ,9 ,9 ,13 ,19 ,10 ,18 ,8 ,4 ,18 
2020-11-02,75 ,3 ,5 ,17 ,13 ,6 ,14 ,12 ,4 ,1 ,29 
2020-11-03,117 ,2 ,3 ,18 ,25 ,11 ,20 ,23 ,10 ,5 ,19 
2020-11-04,125 ,1 ,8 ,21 ,20 ,23 ,29 ,15 ,6 ,2 ,17 
2020-11-05,145 ,9 ,7 ,24 ,24 ,26 ,28 ,13 ,9 ,5 ,28 
2020-11-06,89 ,1 ,5 ,10 ,15 ,21 ,9 ,13 ,11 ,4 ,17 
2020-11-07,143 ,3 ,4 ,9 ,26 ,22 ,22 ,24 ,24 ,9 ,25 
2020-11-08,126 ,3 ,6 ,15 ,25 ,19 ,19 ,15 ,15 ,9 ,27 
2020-11-09,100 ,3 ,9 ,21 ,13 ,11 ,14 ,15 ,9 ,5 ,29 
2020-11-10,145 ,6 ,5 ,20 ,18 ,12 ,20 ,30 ,19 ,15 ,32 
2020-11-11,143 ,6 ,13 ,26 ,23 ,22 ,25 ,15 ,9 ,4 ,15 
2020-11-12,191 ,7 ,9 ,28 ,19 ,24 ,41 ,28 ,17 ,18 ,29 
2020-11-13,205 ,12 ,14 ,36 ,32 ,29 ,36 ,32 ,7 ,7 ,39 
2020-11-14,208 ,8 ,13 ,26 ,27 ,27 ,49 ,40 ,13 ,5 ,32 
2020-11-15,222 ,5 ,12 ,37 ,27 ,29 ,40 ,53 ,15 ,4 ,30 
2020-11-16,230 ,11 ,12 ,37 ,26 ,36 ,44 ,38 ,18 ,8 ,28 
2020-11-17,285 ,4 ,16 ,44 ,38 ,51 ,51 ,40 ,20 ,21 ,40 
2020-11-18,325 ,23 ,43 ,46 ,36 ,52 ,53 ,44 ,17 ,11 ,32 
2020-11-19,348 ,11 ,35 ,63 ,48 ,53 ,55 ,43 ,28 ,12 ,28 
2020-11-20,386 ,15 ,36 ,108 ,49 ,56 ,56 ,37 ,23 ,6 ,25 
2020-11-21,330 ,17 ,20 ,65 ,47 ,64 ,56 ,32 ,18 ,11 ,28 
2020-11-22,271 ,23 ,21 ,41 ,41 ,49 ,50 ,20 ,17 ,9 ,16 
2020-11-23,349 ,16 ,17 ,66 ,53 ,60 ,62 ,43 ,25 ,7 ,31 
2020-11-24,382 ,11 ,31 ,52 ,61 ,75 ,72 ,46 ,24 ,10 ,19 
2020-11-25,581 ,21 ,57 ,125 ,81 ,93 ,95 ,72 ,28 ,9 ,29 
2020-11-26,555 ,21 ,40 ,81 ,80 ,96 ,116 ,68 ,27 ,26 ,30 
2020-11-27,503 ,13 ,38 ,74 ,77 ,95 ,78 ,82 ,30 ,16 ,17 
2020-11-28,450 ,18 ,36 ,93 ,66 ,69 ,83 ,46 ,26 ,13 ,37 
2020-11-29,438 ,16 ,54 ,60 ,54 ,58 ,87 ,59 ,24 ,26 ,24 
2020-11-30,451 ,15 ,47 ,81 ,67 ,63 ,94 ,43 ,27 ,14 ,31 
2020-12-01,511 ,19 ,43 ,85 ,89 ,79 ,98 ,57 ,23 ,18 ,19 
2020-12-02,540 ,31 ,41 ,104 ,68 ,93 ,95 ,75 ,27 ,6 ,24 
2020-12-03,628 ,25 ,46 ,101 ,80 ,89 ,119 ,93 ,43 ,32 ,28 
2020-12-04,577 ,23 ,52 ,98 ,65 ,77 ,92 ,89 ,50 ,31 ,18 
2020-12-05,631 ,22 ,30 ,72 ,90 ,73 ,123 ,111 ,68 ,42 ,32 
2020-12-06,615 ,14 ,31 ,84 ,75 ,73 ,139 ,100 ,59 ,40 ,35 
2020-12-07,587 ,20 ,35 ,72 ,71 ,81 ,111 ,89 ,55 ,53 ,26 
2020-12-08,670 ,24 ,39 ,67 ,95 ,96 ,121 ,124 ,72 ,32 ,24 
2020-12-09,680 ,37 ,53 ,80 ,111 ,92 ,110 ,114 ,53 ,30 ,37 
2020-12-10,689 ,35 ,44 ,83 ,82 ,102 ,123 ,102 ,63 ,55 ,16 
2020-12-11,950 ,52 ,86 ,97 ,113 ,143 ,174 ,148 ,69 ,68 ,22 
2020-12-12,1030 ,36 ,74 ,110 ,109 ,150 ,192 ,183 ,105 ,71 ,30 
2020-12-13,718 ,31 ,54 ,99 ,75 ,119 ,138 ,107 ,49 ,46 ,36 
2020-12-14,880 ,40 ,54 ,100 ,112 ,125 ,151 ,133 ,79 ,86 ,32 
2020-12-15,1078 ,45 ,69 ,153 ,104 ,142 ,215 ,191 ,91 ,68 ,24 
2020-12-16,1014 ,56 ,55 ,107 ,124 ,141 ,214 ,173 ,85 ,59 ,20 
2020-12-17,1064 ,40 ,66 ,123 ,131 ,134 ,227 ,186 ,91 ,66 ,26 
2020-12-18,1045 ,33 ,65 ,132 ,111 ,153 ,217 ,176 ,81 ,77 ,21 
2020-12-19,1096 ,47 ,71 ,137 ,142 ,153 ,233 ,187 ,79 ,47 ,25 
2020-12-20,924 ,46 ,45 ,97 ,116 ,124 ,195 ,160 ,87 ,54 ,33 
2020-12-21,866 ,31 ,56 ,104 ,104 ,124 ,179 ,131 ,86 ,51 ,45 
2020-12-22,1090 ,46 ,62 ,102 ,124 ,143 ,246 ,189 ,96 ,82 ,32 
2020-12-23,985 ,36 ,69 ,128 ,136 ,133 ,183 ,171 ,75 ,54 ,30 
2020-12-24,1240 ,47 ,66 ,158 ,169 ,197 ,239 ,214 ,86 ,64 ,25 
2020-12-25,1131 ,47 ,80 ,128 ,148 ,178 ,209 ,171 ,89 ,81 ,28 
2020-12-26,970 ,36 ,61 ,111 ,131 ,159 ,191 ,179 ,61 ,41 ,24 
2020-12-27,806 ,35 ,50 ,76 ,113 ,120 ,172 ,129 ,62 ,49 ,20 
2020-12-28,1044 ,41 ,52 ,145 ,147 ,172 ,190 ,184 ,75 ,38 ,16 
2020-12-29,1050 ,39 ,57 ,116 ,112 ,163 ,198 ,204 ,92 ,69 ,25 
2020-12-30,967 ,49 ,67 ,93 ,132 ,134 ,186 ,174 ,67 ,65 ,27 
2020-12-31,1027 ,41 ,74 ,129 ,145 ,154 ,204 ,159 ,80 ,41 ,25 
2021-01-01,820 ,39 ,66 ,111 ,107 ,105 ,160 ,125 ,58 ,49 ,36 
2021-01-02,657 ,32 ,46 ,81 ,77 ,89 ,125 ,117 ,52 ,38 ,16 
2021-01-03,1020 ,40 ,71 ,120 ,127 ,172 ,187 ,153 ,69 ,81 ,34 
2021-01-04,714 ,45 ,42 ,101 ,103 ,114 ,128 ,110 ,45 ,26 ,42 
2021-01-05,838 ,45 ,60 ,107 ,106 ,110 ,139 ,147 ,73 ,51 ,31 
2021-01-06,869 ,41 ,55 ,122 ,120 ,155 ,176 ,115 ,58 ,27 ,37 
2021-01-07,674 ,34 ,43 ,92 ,86 ,84 ,125 ,124 ,49 ,37 ,42 
2021-01-08,641 ,32 ,50 ,100 ,91 ,89 ,124 ,80 ,50 ,25 ,45 
2021-01-09,657 ,36 ,56 ,86 ,78 ,92 ,142 ,84 ,49 ,34 ,34 
2021-01-10,451 ,19 ,36 ,47 ,54 ,61 ,79 ,80 ,44 ,31 ,32 
2021-01-11,537 ,32 ,34 ,71 ,59 ,91 ,102 ,74 ,39 ,35 ,27 
2021-01-12,561 ,24 ,28 ,66 ,81 ,82 ,129 ,88 ,47 ,16 ,26 
2021-01-13,524 ,25 ,45 ,61 ,68 ,85 ,99 ,73 ,39 ,29 ,28 
2021-01-14,512 ,42 ,37 ,62 ,70 ,80 ,97 ,91 ,22 ,11 ,29 
2021-01-15,580 ,31 ,60 ,54 ,74 ,79 ,106 ,108 ,42 ,26 ,33 
2021-01-16,520 ,27 ,30 ,74 ,73 ,82 ,87 ,70 ,38 ,39 ,20 
2021-01-17,389 ,17 ,31 ,48 ,53 ,66 ,75 ,49 ,30 ,20 ,23 
2021-01-18,386 ,22 ,27 ,52 ,58 ,72 ,73 ,43 ,31 ,8 ,35 
2021-01-19,404 ,27 ,27 ,56 ,47 ,58 ,76 ,61 ,31 ,21 ,31 
2021-01-20,400 ,15 ,27 ,46 ,49 ,53 ,85 ,61 ,40 ,24 ,19 
2021-01-21,346 ,18 ,21 ,53 ,44 ,52 ,65 ,63 ,17 ,13 ,32 
2021-01-22,431 ,21 ,30 ,49 ,59 ,59 ,85 ,62 ,43 ,23 ,28 
2021-01-23,392 ,18 ,18 ,68 ,50 ,60 ,79 ,61 ,21 ,17 ,23 
2021-01-24,437 ,14 ,138 ,44 ,42 ,46 ,72 ,51 ,17 ,13 ,32 
2021-01-25,349 ,15 ,30 ,64 ,43 ,50 ,59 ,55 ,14 ,19 ,16 
2021-01-26,559 ,42 ,97 ,67 ,72 ,85 ,79 ,68 ,26 ,23 ,43 
2021-01-27,497 ,33 ,47 ,64 ,58 ,80 ,88 ,69 ,33 ,25 ,18 
2021-01-28,469 ,22 ,39 ,47 ,53 ,74 ,88 ,73 ,30 ,43 ,24 
2021-01-29,456 ,27 ,48 ,47 ,50 ,67 ,76 ,73 ,35 ,33 ,35 
2021-01-30,354 ,17 ,20 ,46 ,49 ,45 ,74 ,57 ,20 ,26 ,31 
2021-01-31,305 ,20 ,30 ,36 ,44 ,39 ,54 ,45 ,18 ,19 ,20 
2021-02-01,336 ,9 ,30 ,50 ,37 ,52 ,70 ,55 ,19 ,14 ,41 
2021-02-02,467 ,22 ,41 ,75 ,64 ,92 ,70 ,62 ,29 ,12 ,34 
2021-02-03,451 ,27 ,27 ,50 ,64 ,76 ,75 ,69 ,37 ,26 ,22 
2021-02-04,370 ,30 ,28 ,30 ,60 ,43 ,65 ,75 ,25 ,14 ,20 
2021-02-05,390 ,25 ,31 ,51 ,40 ,60 ,77 ,63 ,30 ,13 ,28 
2021-02-06,371 ,21 ,26 ,51 ,47 ,44 ,79 ,66 ,26 ,11 ,46 
2021-02-07,288 ,19 ,9 ,33 ,32 ,53 ,52 ,59 ,22 ,9 ,24 
2021-02-08,303 ,15 ,26 ,34 ,40 ,52 ,59 ,38 ,28 ,11 ,30 
2021-02-09,444 ,22 ,53 ,53 ,68 ,70 ,84 ,54 ,30 ,10 ,30 
2021-02-10,504 ,27 ,28 ,72 ,60 ,65 ,97 ,91 ,40 ,24 ,37 
2021-02-11,403 ,20 ,30 ,44 ,64 ,47 ,76 ,72 ,38 ,12 ,19 
2021-02-12,362 ,21 ,24 ,56 ,48 ,49 ,54 ,56 ,34 ,20 ,17 
2021-02-13,326 ,20 ,21 ,49 ,41 ,40 ,52 ,52 ,39 ,12 ,22 
2021-02-14,343 ,19 ,29 ,42 ,49 ,47 ,53 ,51 ,32 ,21 ,21 
2021-02-15,457 ,25 ,31 ,65 ,76 ,78 ,73 ,67 ,27 ,15 ,28 
2021-02-16,621 ,32 ,38 ,93 ,123 ,88 ,100 ,96 ,36 ,15 ,31 
2021-02-17,621 ,37 ,30 ,82 ,127 ,78 ,124 ,96 ,28 ,19 ,31 
2021-02-18,561 ,35 ,38 ,91 ,84 ,79 ,93 ,72 ,33 ,36 ,28 
2021-02-19,448 ,35 ,28 ,59 ,74 ,69 ,69 ,68 ,27 ,19 ,32 
2021-02-20,416 ,23 ,31 ,63 ,66 ,44 ,65 ,65 ,37 ,22 ,25 
2021-02-21,332 ,22 ,30 ,57 ,48 ,28 ,54 ,55 ,23 ,15 ,19 
2021-02-22,356 ,20 ,22 ,57 ,58 ,47 ,63 ,55 ,18 ,16 ,27 
2021-02-23,440 ,21 ,30 ,71 ,70 ,65 ,70 ,62 ,34 ,17 ,23 
2021-02-24,395 ,23 ,31 ,62 ,68 ,67 ,68 ,46 ,19 ,11 ,27 
2021-02-25,387 ,13 ,27 ,55 ,66 ,54 ,76 ,62 ,22 ,12 ,24 
2021-02-26,415 ,22 ,31 ,68 ,71 ,62 ,71 ,53 ,25 ,12 ,10 
2021-02-27,355 ,13 ,29 ,48 ,43 ,55 ,78 ,51 ,25 ,13 ,22 
2021-02-28,355 ,31 ,30 ,43 ,58 ,45 ,65 ,54 ,16 ,13 ,17 
2021-03-01,344 ,30 ,29 ,49 ,59 ,52 ,56 ,39 ,19 ,11 ,25 
2021-03-02,444 ,47 ,42 ,57 ,69 ,81 ,64 ,51 ,21 ,12 ,18 
2021-03-03,424 ,12 ,44 ,66 ,79 ,73 ,73 ,46 ,20 ,11 ,23 
2021-03-04,398 ,12 ,25 ,61 ,59 ,73 ,75 ,54 ,25 ,14 ,17 
2021-03-05,418 ,21 ,28 ,85 ,64 ,65 ,65 ,58 ,23 ,9 ,14 
2021-03-06,416 ,18 ,31 ,77 ,65 ,53 ,66 ,53 ,37 ,16 ,18 
2021-03-07,346 ,19 ,33 ,51 ,57 ,48 ,67 ,42 ,24 ,5 ,11 
2021-03-08,446 ,28 ,23 ,55 ,68 ,83 ,73 ,76 ,31 ,9 ,19 
2021-03-09,470 ,26 ,39 ,57 ,95 ,69 ,69 ,63 ,30 ,22 ,18 
2021-03-10,465 ,28 ,43 ,53 ,78 ,75 ,66 ,81 ,27 ,14 ,21 
2021-03-11,488 ,32 ,38 ,69 ,75 ,67 ,74 ,75 ,43 ,15 ,21 
2021-03-12,490 ,19 ,27 ,49 ,73 ,75 ,105 ,85 ,35 ,22 ,16 
2021-03-13,459 ,15 ,26 ,70 ,85 ,74 ,82 ,64 ,26 ,17 ,23 
2021-03-14,379 ,19 ,24 ,57 ,65 ,53 ,81 ,55 ,19 ,6 ,12 
2021-03-15,363 ,20 ,21 ,35 ,59 ,49 ,89 ,59 ,23 ,8 ,18 
2021-03-16,469 ,18 ,30 ,68 ,71 ,85 ,89 ,73 ,29 ,6 ,17 
2021-03-17,445 ,22 ,25 ,68 ,75 ,82 ,78 ,64 ,18 ,13 ,18 
2021-03-18,463 ,26 ,30 ,46 ,74 ,75 ,88 ,80 ,28 ,16 ,22 
2021-03-19,447 ,21 ,25 ,83 ,66 ,71 ,79 ,78 ,16 ,8 ,12 
2021-03-20,456 ,21 ,22 ,71 ,69 ,72 ,71 ,84 ,35 ,11 ,19 
2021-03-21,415 ,23 ,21 ,59 ,81 ,67 ,76 ,58 ,24 ,6 ,19 
2021-03-22,346 ,24 ,26 ,51 ,45 ,53 ,49 ,52 ,38 ,8 ,15 
2021-03-23,428 ,25 ,39 ,68 ,77 ,66 ,62 ,56 ,25 ,10 ,17 
2021-03-24,430 ,21 ,32 ,70 ,73 ,68 ,87 ,53 ,18 ,8 ,11 
2021-03-25,489 ,48 ,29 ,73 ,74 ,84 ,77 ,69 ,26 ,9 ,23 
2021-03-26,505 ,28 ,48 ,62 ,75 ,78 ,86 ,81 ,37 ,10 ,15 
2021-03-27,482 ,28 ,40 ,81 ,62 ,63 ,66 ,77 ,35 ,30 ,20 
2021-03-28,382 ,13 ,32 ,53 ,44 ,67 ,81 ,59 ,24 ,9 ,13 
2021-03-29,447 ,20 ,39 ,67 ,64 ,84 ,78 ,60 ,26 ,9 ,18 
2021-03-30,506 ,34 ,38 ,68 ,73 ,101 ,81 ,65 ,27 ,19 ,15 
2021-03-31,551 ,38 ,48 ,91 ,71 ,81 ,97 ,81 ,27 ,17 ,14 
2021-04-01,557 ,22 ,36 ,91 ,91 ,85 ,94 ,69 ,47 ,22 ,25 
2021-04-02,543 ,25 ,43 ,78 ,76 ,97 ,88 ,93 ,29 ,14 ,22 
2021-04-03,543 ,21 ,40 ,81 ,87 ,80 ,95 ,102 ,28 ,9 ,29 
2021-04-04,473 ,17 ,42 ,61 ,50 ,73 ,84 ,93 ,37 ,16 ,24 
2021-04-05,477 ,29 ,38 ,57 ,52 ,82 ,108 ,66 ,35 ,10 ,18 
2021-04-06,668 ,28 ,74 ,90 ,88 ,114 ,130 ,98 ,35 ,11 ,15 
2021-04-07,700 ,35 ,73 ,94 ,116 ,110 ,125 ,87 ,48 ,12 ,26 
2021-04-08,671 ,37 ,50 ,95 ,84 ,125 ,132 ,99 ,37 ,12 ,27 
2021-04-09,677 ,34 ,70 ,88 ,76 ,126 ,116 ,96 ,41 ,30 ,15 
2021-04-10,614 ,34 ,58 ,86 ,80 ,90 ,113 ,92 ,45 ,16 ,20 
2021-04-11,587 ,28 ,41 ,71 ,79 ,94 ,126 ,95 ,32 ,21 ,27 
2021-04-12,542 ,26 ,44 ,65 ,69 ,80 ,131 ,72 ,37 ,18 ,14 
2021-04-13,731 ,32 ,50 ,111 ,112 ,114 ,148 ,107 ,31 ,26 ,17 
2021-04-14,698 ,25 ,44 ,108 ,104 ,118 ,145 ,85 ,47 ,22 ,28 
2021-04-15,673 ,35 ,52 ,87 ,88 ,110 ,140 ,105 ,40 ,16 ,21 
2021-04-16,658 ,20 ,44 ,94 ,87 ,109 ,139 ,94 ,46 ,25 ,28 
2021-04-17,671 ,30 ,53 ,103 ,93 ,109 ,102 ,113 ,47 ,21 ,23 
2021-04-18,532 ,35 ,36 ,61 ,70 ,78 ,113 ,87 ,40 ,12 ,20 
2021-04-19,549 ,21 ,62 ,59 ,72 ,111 ,101 ,76 ,34 ,13 ,20 
2021-04-20,731 ,39 ,71 ,114 ,101 ,128 ,130 ,94 ,35 ,19 ,39 
2021-04-21,735 ,29 ,58 ,96 ,102 ,132 ,154 ,107 ,39 ,18 ,20 
2021-04-22,797 ,53 ,55 ,112 ,112 ,119 ,141 ,94 ,56 ,55 ,39 
2021-04-23,785 ,32 ,76 ,155 ,104 ,112 ,143 ,99 ,45 ,19 ,26 
2021-04-24,644 ,27 ,58 ,110 ,94 ,93 ,113 ,84 ,47 ,18 ,41 
2021-04-25,499 ,24 ,31 ,91 ,56 ,77 ,94 ,81 ,29 ,16 ,30 
2021-04-26,512 ,26 ,36 ,82 ,72 ,79 ,101 ,80 ,27 ,9 ,35 
2021-04-27,769 ,31 ,45 ,106 ,110 ,120 ,137 ,133 ,68 ,19 ,21 
2021-04-28,679 ,50 ,48 ,94 ,100 ,106 ,111 ,113 ,37 ,20 ,31 
2021-04-29,661 ,30 ,44 ,104 ,100 ,109 ,103 ,96 ,40 ,35 ,19 
2021-04-30,627 ,30 ,48 ,75 ,93 ,110 ,120 ,90 ,39 ,22 ,34 
2021-05-01,606 ,23 ,44 ,74 ,99 ,91 ,126 ,89 ,34 ,26 ,21 
2021-05-02,488 ,32 ,33 ,60 ,75 ,87 ,94 ,60 ,33 ,14 ,23 
2021-05-03,541 ,26 ,47 ,82 ,92 ,83 ,92 ,75 ,23 ,21 ,27 
2021-05-04,676 ,32 ,57 ,98 ,106 ,116 ,116 ,102 ,35 ,14 ,25 
2021-05-05,574 ,34 ,38 ,86 ,82 ,104 ,112 ,71 ,33 ,14 ,12 
2021-05-06,525 ,32 ,52 ,76 ,69 ,70 ,106 ,79 ,30 ,11 ,16 
2021-05-07,701 ,29 ,58 ,113 ,111 ,112 ,125 ,104 ,34 ,15 ,29 
2021-05-08,564 ,40 ,49 ,78 ,82 ,72 ,108 ,76 ,38 ,21 ,42 
2021-05-09,463 ,16 ,53 ,71 ,64 ,72 ,69 ,75 ,35 ,8 ,27 
2021-05-10,510 ,18 ,41 ,91 ,80 ,101 ,79 ,63 ,28 ,9 ,27 
2021-05-11,634 ,38 ,39 ,90 ,88 ,113 ,120 ,87 ,44 ,15 ,22 
2021-05-12,715 ,35 ,64 ,94 ,113 ,127 ,133 ,95 ,38 ,16 ,23 
2021-05-13,747 ,32 ,60 ,101 ,112 ,133 ,119 ,118 ,41 ,31 ,18 
2021-05-14,681 ,35 ,61 ,96 ,109 ,111 ,131 ,84 ,42 ,12 ,20 
2021-05-15,610 ,46 ,43 ,90 ,82 ,94 ,115 ,83 ,42 ,15 ,38 
2021-05-16,619 ,29 ,53 ,115 ,90 ,97 ,106 ,80 ,37 ,12 ,22 
2021-05-17,528 ,31 ,50 ,90 ,83 ,81 ,86 ,75 ,25 ,7 ,22 
2021-05-18,654 ,30 ,56 ,102 ,100 ,105 ,122 ,95 ,33 ,11 ,17 
2021-05-19,646 ,31 ,71 ,102 ,103 ,124 ,96 ,75 ,33 ,11 ,27 
2021-05-20,561 ,46 ,47 ,82 ,87 ,100 ,88 ,81 ,25 ,5 ,19 
2021-05-21,666 ,27 ,48 ,131 ,112 ,113 ,101 ,85 ,37 ,12 ,33 
2021-05-22,585 ,24 ,43 ,98 ,97 ,98 ,101 ,82 ,29 ,13 ,15 
2021-05-23,530 ,34 ,39 ,73 ,93 ,92 ,95 ,75 ,25 ,4 ,25 
2021-05-24,516 ,18 ,34 ,83 ,94 ,92 ,93 ,74 ,24 ,4 ,35 
2021-05-25,705 ,44 ,49 ,104 ,119 ,127 ,128 ,91 ,29 ,14 ,21 
2021-05-26,629 ,26 ,26 ,131 ,93 ,100 ,122 ,83 ,32 ,16 ,9 
2021-05-27,587 ,12 ,50 ,117 ,90 ,115 ,87 ,77 ,24 ,15 ,16 
2021-05-28,533 ,31 ,47 ,103 ,77 ,94 ,98 ,63 ,17 ,3 ,28 
2021-05-29,480 ,16 ,43 ,90 ,74 ,71 ,89 ,68 ,23 ,6 ,16 
2021-05-30,430 ,14 ,26 ,89 ,68 ,65 ,76 ,60 ,23 ,9 ,19 
2021-05-31,459 ,25 ,65 ,69 ,71 ,68 ,79 ,59 ,18 ,5 ,10 
2021-06-01,677 ,28 ,43 ,101 ,119 ,133 ,148 ,70 ,27 ,8 ,23 
2021-06-02,681 ,30 ,57 ,115 ,111 ,121 ,130 ,78 ,30 ,9 ,9 
2021-06-03,695 ,43 ,52 ,115 ,124 ,129 ,116 ,85 ,16 ,15 ,21 
2021-06-04,744 ,40 ,60 ,125 ,116 ,119 ,137 ,103 ,33 ,11 ,19 
2021-06-05,556 ,25 ,47 ,112 ,74 ,113 ,92 ,60 ,28 ,5 ,15 
2021-06-06,485 ,25 ,31 ,90 ,81 ,84 ,83 ,68 ,17 ,6 ,31 
2021-06-07,454 ,25 ,34 ,80 ,79 ,83 ,84 ,53 ,10 ,6 ,19 
2021-06-08,602 ,33 ,34 ,99 ,99 ,144 ,110 ,56 ,23 ,4 ,21 
2021-06-09,610 ,35 ,31 ,109 ,107 ,131 ,103 ,69 ,19 ,6 ,17 
2021-06-10,556 ,25 ,42 ,113 ,99 ,95 ,102 ,58 ,13 ,9 ,15 
2021-06-11,565 ,41 ,47 ,94 ,98 ,114 ,82 ,67 ,16 ,6 ,40 
2021-06-12,452 ,24 ,31 ,69 ,69 ,75 ,82 ,72 ,23 ,7 ,33 
2021-06-13,399 ,15 ,32 ,68 ,73 ,77 ,74 ,40 ,17 ,3 ,39 
2021-06-14,373 ,22 ,24 ,59 ,65 ,73 ,81 ,32 ,11 ,6 ,26 
2021-06-15,545 ,47 ,52 ,101 ,86 ,109 ,75 ,55 ,14 ,6 ,23 
2021-06-16,540 ,26 ,37 ,91 ,94 ,93 ,100 ,74 ,22 ,3 ,17 
2021-06-17,507 ,29 ,38 ,97 ,86 ,94 ,80 ,70 ,10 ,3 ,22 
2021-06-18,482 ,31 ,44 ,88 ,65 ,84 ,91 ,57 ,21 ,1 ,26 
2021-06-19,429 ,20 ,26 ,79 ,75 ,74 ,80 ,58 ,11 ,6 ,49 
2021-06-20,357 ,21 ,39 ,50 ,48 ,74 ,70 ,39 ,13 ,3 ,40 
2021-06-21,394 ,18 ,38 ,61 ,68 ,76 ,87 ,32 ,10 ,4 ,44 
2021-06-22,645 ,39 ,67 ,121 ,97 ,119 ,121 ,58 ,17 ,6 ,40 
2021-06-23,610 ,33 ,50 ,120 ,104 ,125 ,94 ,62 ,21 ,1 ,34 
2021-06-24,634 ,61 ,65 ,127 ,99 ,104 ,101 ,55 ,14 ,8 ,32 
2021-06-25,668 ,49 ,58 ,130 ,133 ,105 ,125 ,52 ,13 ,3 ,57 
2021-06-26,614 ,52 ,45 ,133 ,102 ,119 ,94 ,59 ,7 ,3 ,44 
2021-06-27,501 ,36 ,33 ,112 ,82 ,88 ,85 ,48 ,13 ,4 ,29 
2021-06-28,595 ,27 ,66 ,139 ,115 ,96 ,94 ,40 ,13 ,5 ,35 
2021-06-29,794 ,34 ,58 ,195 ,141 ,168 ,138 ,42 ,15 ,3 ,35 
2021-06-30,761 ,35 ,78 ,170 ,156 ,138 ,114 ,51 ,14 ,5 ,50 
2021-07-01,825 ,48 ,74 ,204 ,135 ,158 ,144 ,52 ,8 ,2 ,60 
2021-07-02,794 ,48 ,99 ,211 ,138 ,143 ,100 ,46 ,9 ,,46 
2021-07-03,743 ,27 ,79 ,171 ,111 ,159 ,122 ,57 ,10 ,7 ,81 
2021-07-04,711 ,43 ,72 ,159 ,129 ,133 ,129 ,33 ,4 ,9 ,67 
2021-07-05,746 ,42 ,74 ,171 ,128 ,148 ,124 ,38 ,14 ,7 ,56 
2021-07-06,1211 ,33 ,121 ,335 ,214 ,226 ,194 ,62 ,20 ,6 ,45 
2021-07-07,1275 ,57 ,119 ,352 ,227 ,219 ,214 ,62 ,21 ,4 ,48 
2021-07-08,1316 ,66 ,133 ,323 ,238 ,235 ,222 ,77 ,15 ,7 ,80 
2021-07-09,1378 ,53 ,147 ,320 ,230 ,257 ,244 ,79 ,27 ,21 ,58 
2021-07-10,1324 ,58 ,128 ,323 ,243 ,234 ,240 ,69 ,24 ,5 ,44 
2021-07-11,1100 ,65 ,108 ,275 ,169 ,188 ,220 ,50 ,18 ,7 ,37 
2021-07-12,1150 ,87 ,105 ,293 ,209 ,207 ,174 ,57 ,15 ,3 ,53 
2021-07-13,1613 ,78 ,179 ,427 ,306 ,278 ,243 ,74 ,21 ,7 ,47 
2021-07-14,1599 ,104 ,154 ,388 ,303 ,292 ,238 ,89 ,19 ,12 ,45 
2021-07-15,1535 ,80 ,135 ,379 ,300 ,268 ,242 ,109 ,14 ,8 ,60 
2021-07-16,1449 ,76 ,137 ,376 ,217 ,244 ,262 ,103 ,24 ,10 ,49 
2021-07-17,1453 ,88 ,146 ,351 ,238 ,247 ,256 ,92 ,29 ,6 ,51 
2021-07-18,1251 ,121 ,132 ,288 ,198 ,203 ,204 ,75 ,21 ,9 ,44 
2021-07-19,1278 ,96 ,130 ,271 ,208 ,243 ,217 ,84 ,21 ,8 ,36 
2021-07-20,1781 ,123 ,212 ,403 ,292 ,321 ,287 ,103 ,30 ,10 ,56 
2021-07-21,1841 ,119 ,177 ,503 ,303 ,330 ,286 ,87 ,27 ,9 ,309 
2021-07-22,1629 ,111 ,164 ,376 ,286 ,271 ,259 ,118 ,32 ,12 ,56 
2021-07-23,1627 ,104 ,160 ,397 ,244 ,273 ,282 ,110 ,42 ,15 ,55 
2021-07-24,1487 ,79 ,210 ,327 ,255 ,244 ,211 ,113 ,35 ,13 ,65 
2021-07-25,1318 ,84 ,150 ,279 ,228 ,217 ,224 ,103 ,27 ,6 ,54 
2021-07-26,1363 ,106 ,151 ,325 ,204 ,239 ,217 ,96 ,18 ,7 ,89 
2021-07-27,1895 ,127 ,215 ,394 ,306 ,325 ,333 ,135 ,41 ,19 ,73 
2021-07-28,1673 ,124 ,186 ,399 ,240 ,295 ,264 ,115 ,36 ,14 ,42 
2021-07-29,1710 ,101 ,182 ,352 ,271 ,309 ,306 ,120 ,49 ,20 ,48 
2021-07-30,1538 ,96 ,178 ,349 ,241 ,264 ,239 ,132 ,28 ,11 ,73 
2021-07-31,1442 ,95 ,174 ,312 ,213 ,238 ,245 ,115 ,36 ,14 ,56 
2021-08-01,1218 ,85 ,156 ,255 ,180 ,219 ,195 ,78 ,32 ,18 ,68 
2021-08-02,1200 ,98 ,137 ,235 ,185 ,198 ,205 ,101 ,31 ,10 ,50 
2021-08-03,1725 ,97 ,189 ,400 ,282 ,280 ,300 ,127 ,39 ,11 ,61 
2021-08-04,1775 ,96 ,204 ,421 ,262 ,290 ,293 ,147 ,46 ,16 ,59 
2021-08-05,1704 ,128 ,194 ,362 ,276 ,255 ,285 ,149 ,51 ,4 ,64 
2021-08-06,1823 ,123 ,170 ,395 ,271 ,277 ,315 ,166 ,55 ,51 ,61 
2021-08-07,1727 ,117 ,170 ,382 ,304 ,249 ,281 ,158 ,48 ,18 ,59 
2021-08-08,1491 ,102 ,163 ,346 ,238 ,215 ,242 ,128 ,36 ,21 ,36 
2021-08-09,1537 ,102 ,196 ,332 ,239 ,258 ,234 ,124 ,31 ,21 ,63 
2021-08-10,2221 ,126 ,212 ,560 ,383 ,342 ,356 ,166 ,54 ,22 ,77 
2021-08-11,1987 ,122 ,225 ,492 ,331 ,279 ,319 ,144 ,52 ,23 ,40 
2021-08-12,1989 ,121 ,212 ,468 ,320 ,299 ,305 ,178 ,48 ,38 ,76 
2021-08-13,1928 ,102 ,207 ,468 ,339 ,276 ,319 ,149 ,46 ,22 ,70 
2021-08-14,1816 ,117 ,206 ,433 ,276 ,276 ,309 ,135 ,37 ,27 ,68 
2021-08-15,1554 ,102 ,182 ,364 ,259 ,221 ,230 ,120 ,44 ,32 ,63 
2021-08-16,1372 ,102 ,132 ,319 ,240 ,226 ,220 ,86 ,38 ,9 ,50 
2021-08-17,1803 ,117 ,200 ,429 ,283 ,296 ,269 ,160 ,27 ,22 ,37 
2021-08-18,2152 ,139 ,203 ,515 ,393 ,349 ,307 ,168 ,59 ,19 ,38 
2021-08-19,2050 ,155 ,184 ,454 ,359 ,337 ,321 ,151 ,61 ,28 ,50 
2021-08-20,1876 ,107 ,188 ,408 ,332 ,296 ,271 ,184 ,64 ,26 ,65 
2021-08-21,1626 ,102 ,153 ,375 ,298 ,264 ,244 ,132 ,42 ,16 ,38 
2021-08-22,1417 ,81 ,144 ,320 ,234 ,264 ,221 ,110 ,32 ,11 ,47 
2021-08-23,1507 ,116 ,145 ,347 ,271 ,261 ,202 ,114 ,40 ,11 ,38 
2021-08-24,2154 ,140 ,224 ,511 ,357 ,355 ,294 ,190 ,61 ,22 ,41 
2021-08-25,1882 ,119 ,177 ,439 ,339 ,301 ,278 ,150 ,66 ,13 ,53 
2021-08-26,1837 ,126 ,173 ,427 ,336 ,289 ,269 ,159 ,40 ,18 ,28 
2021-08-27,1791 ,114 ,194 ,434 ,309 ,259 ,263 ,146 ,47 ,25 ,55 
2021-08-28,1619 ,96 ,144 ,395 ,296 ,236 ,228 ,164 ,41 ,19 ,43 
2021-08-29,1485 ,102 ,121 ,327 ,303 ,228 ,212 ,130 ,33 ,29 ,61 
2021-08-30,1369 ,75 ,162 ,312 ,217 ,222 ,206 ,135 ,27 ,13 ,38 
2021-08-31,2024 ,128 ,192 ,444 ,366 ,335 ,297 ,194 ,56 ,12 ,33 
2021-09-01,1960 ,154 ,176 ,472 ,363 ,304 ,272 ,156 ,45 ,18 ,34 
2021-09-02,1708 ,94 ,153 ,379 ,321 ,312 ,238 ,151 ,41 ,19 ,34 
2021-09-03,1803 ,113 ,184 ,414 ,336 ,306 ,237 ,146 ,53 ,14 ,28 
2021-09-04,1490 ,114 ,154 ,322 ,264 ,264 ,179 ,132 ,45 ,16 ,29 
2021-09-05,1375 ,107 ,147 ,275 ,244 ,243 ,206 ,108 ,32 ,13 ,24 
2021-09-06,1597 ,111 ,173 ,348 ,275 ,299 ,226 ,123 ,31 ,11 ,34 
2021-09-07,2048 ,110 ,219 ,455 ,399 ,380 ,273 ,147 ,47 ,18 ,36 
2021-09-08,2049 ,138 ,233 ,439 ,356 ,367 ,276 ,181 ,45 ,14 ,31 
2021-09-09,1892 ,111 ,195 ,427 ,349 ,318 ,253 ,148 ,49 ,42 ,35 
2021-09-10,1864 ,145 ,191 ,416 ,353 ,307 ,227 ,140 ,68 ,17 ,49 
2021-09-11,1755 ,129 ,219 ,369 ,352 ,290 ,178 ,141 ,46 ,31 ,30 
2021-09-12,1433 ,106 ,135 ,295 ,271 ,257 ,177 ,134 ,36 ,22 ,24 
2021-09-13,1495 ,104 ,148 ,348 ,284 ,253 ,195 ,103 ,38 ,22 ,34 
2021-09-14,2078 ,121 ,209 ,435 ,461 ,374 ,235 ,147 ,60 ,36 ,23 
2021-09-15,1942 ,144 ,210 ,405 ,405 ,344 ,193 ,155 ,55 ,31 ,22 
2021-09-16,2008 ,144 ,214 ,447 ,369 ,345 ,227 ,186 ,60 ,16 ,35 
2021-09-17,2087 ,146 ,217 ,405 ,390 ,372 ,270 ,179 ,73 ,35 ,40 
2021-09-18,1909 ,124 ,173 ,402 ,327 ,366 ,240 ,183 ,68 ,26 ,39 
2021-09-19,1603 ,99 ,156 ,329 ,295 ,298 ,191 ,139 ,63 ,33 ,28 
2021-09-20,1729 ,110 ,160 ,358 ,305 ,325 ,214 ,160 ,69 ,28 ,32 
2021-09-21,1720 ,103 ,172 ,336 ,305 ,319 ,201 ,174 ,91 ,19 ,17 
2021-09-22,1715 ,99 ,141 ,401 ,317 ,306 ,199 ,159 ,68 ,25 ,18 
2021-09-23,2429 ,119 ,222 ,547 ,445 ,447 ,322 ,211 ,81 ,35 ,18 
2021-09-24,3268 ,205 ,299 ,809 ,658 ,510 ,339 ,268 ,120 ,60 ,28 
2021-09-25,2768 ,168 ,250 ,732 ,536 ,408 ,302 ,223 ,89 ,60 ,34 
2021-09-26,2381 ,166 ,221 ,625 ,450 ,363 ,246 ,173 ,83 ,54 ,27 
2021-09-27,2287 ,152 ,240 ,568 ,430 ,344 ,222 ,183 ,95 ,53 ,19 
2021-09-28,2881 ,145 ,286 ,747 ,556 ,442 ,307 ,219 ,123 ,56 ,26 
2021-09-29,2561 ,165 ,275 ,611 ,486 ,359 ,282 ,220 ,93 ,70 ,25 
2021-09-30,2483 ,160 ,289 ,590 ,442 ,363 ,278 ,216 ,87 ,58 ,34 
2021-10-01,2247 ,166 ,242 ,518 ,398 ,374 ,220 ,191 ,101 ,37 ,27 
2021-10-02,2085 ,128 ,220 ,474 ,393 ,334 ,223 ,177 ,83 ,53 ,28 
2021-10-03,1670 ,112 ,187 ,384 ,275 ,275 ,189 ,158 ,57 ,33 ,20 
2021-10-04,1574 ,84 ,182 ,302 ,309 ,262 ,178 ,141 ,68 ,48 ,19 
2021-10-05,2027 ,115 ,223 ,426 ,392 ,328 ,250 ,176 ,77 ,40 ,26 
2021-10-06,2425 ,192 ,266 ,448 ,434 ,389 ,281 ,259 ,105 ,51 ,27 
2021-10-07,2171 ,168 ,228 ,444 ,382 ,302 ,254 ,240 ,94 ,59 ,31 
2021-10-08,1953 ,140 ,227 ,347 ,318 ,334 ,218 ,242 ,81 ,46 ,29 
2021-10-09,1594 ,131 ,162 ,324 ,302 ,237 ,187 ,147 ,70 ,34 ,34 
2021-10-10,1297 ,90 ,161 ,242 ,224 ,211 ,151 ,122 ,64 ,32 ,13 
2021-10-11,1346 ,104 ,188 ,239 ,251 ,223 ,140 ,121 ,43 ,37 ,13 
2021-10-12,1583 ,120 ,198 ,289 ,272 ,256 ,176 ,159 ,77 ,36 ,13 
2021-10-13,1939 ,155 ,246 ,292 ,335 ,281 ,203 ,228 ,128 ,71 ,15 
2021-10-14,1683 ,159 ,203 ,276 ,288 ,243 ,175 ,204 ,85 ,50 ,14 
2021-10-15,1617 ,125 ,185 ,255 ,273 ,243 ,203 ,181 ,77 ,75 ,24 
2021-10-16,1420 ,102 ,158 ,236 ,234 ,197 ,158 ,190 ,96 ,49 ,17 
2021-10-17,1049 ,100 ,109 ,154 ,173 ,163 ,141 ,112 ,59 ,38 ,19 
2021-10-18,1073 ,88 ,166 ,147 ,169 ,159 ,125 ,126 ,50 ,43 ,25 
2021-10-19,1571 ,108 ,250 ,226 ,266 ,244 ,145 ,194 ,76 ,62 ,15 
2021-10-20,1441 ,127 ,201 ,206 ,257 ,196 ,162 ,172 ,75 ,45 ,11 
2021-10-21,1437 ,116 ,209 ,194 ,252 ,215 ,141 ,184 ,74 ,52 ,20 
2021-10-22,1508 ,136 ,222 ,205 ,253 ,194 ,149 ,191 ,84 ,74 ,21 
2021-10-23,1422 ,118 ,226 ,197 ,226 ,216 ,133 ,193 ,73 ,40 ,28 
2021-10-24,1190 ,103 ,201 ,126 ,180 ,170 ,134 ,158 ,74 ,44 ,23 
2021-10-25,1265 ,110 ,208 ,167 ,204 ,171 ,114 ,156 ,71 ,64 ,20 
2021-10-26,1952 ,169 ,335 ,249 ,295 ,273 ,177 ,266 ,123 ,65 ,21 
2021-10-27,2110 ,220 ,325 ,244 ,311 ,276 ,224 ,279 ,132 ,99 ,16 
2021-10-28,2124 ,207 ,302 ,297 ,319 ,260 ,221 ,282 ,149 ,87 ,30 
2021-10-29,2104 ,195 ,271 ,214 ,295 ,275 ,246 ,322 ,170 ,116 ,15 
2021-10-30,2061 ,159 ,266 ,256 ,288 ,275 ,226 ,333 ,145 ,113 ,9 
2021-10-31,1684 ,153 ,226 ,159 ,237 ,198 ,193 ,269 ,127 ,122 ,20 
2021-11-01,1589 ,149 ,243 ,163 ,194 ,203 ,166 ,252 ,120 ,99 ,11 
2021-11-02,2667 ,230 ,432 ,250 ,390 ,290 ,315 ,430 ,179 ,151 ,27 
2021-11-03,2482 ,235 ,321 ,253 ,355 ,290 ,297 ,397 ,201 ,133 ,25 
2021-11-04,2342 ,207 ,334 ,211 ,326 ,298 ,264 ,360 ,203 ,139 ,20 
2021-11-05,2246 ,210 ,294 ,243 ,321 ,285 ,232 ,357 ,189 ,115 ,29 
2021-11-06,2224 ,201 ,268 ,216 ,294 ,268 ,263 ,393 ,175 ,146 ,20 
2021-11-07,1758 ,153 ,240 ,169 ,221 ,234 ,199 ,314 ,133 ,95 ,27 
2021-11-08,1715 ,201 ,244 ,145 ,224 ,179 ,226 ,277 ,132 ,87 ,17 
2021-11-09,2425 ,175 ,313 ,249 ,309 ,295 ,302 ,457 ,219 ,106 ,16 
2021-11-10,2519 ,231 ,325 ,250 ,339 ,304 ,268 ,440 ,224 ,138 ,26 
2021-11-11,2368 ,214 ,294 ,211 ,307 ,285 ,278 ,411 ,220 ,148 ,10 
2021-11-12,2324 ,180 ,211 ,209 ,307 ,249 ,309 ,492 ,232 ,135 ,14 
2021-11-13,2418 ,199 ,247 ,209 ,257 ,273 ,333 ,476 ,262 ,162 ,18 
2021-11-14,2005 ,185 ,223 ,137 ,203 ,255 ,268 ,389 ,203 ,142 ,20 
2021-11-15,2124 ,210 ,252 ,166 ,249 ,271 ,290 ,332 ,199 ,155 ,15 
2021-11-16,3187 ,254 ,405 ,277 ,372 ,363 ,390 ,625 ,333 ,168 ,23 
2021-11-17,3292 ,231 ,398 ,294 ,384 ,383 ,410 ,629 ,357 ,206 ,20 
2021-11-18,3033 ,220 ,334 ,280 ,349 ,347 ,395 ,616 ,319 ,173 ,23 
2021-11-19,3204 ,278 ,380 ,256 ,347 ,411 ,422 ,597 ,331 ,182 ,17 
2021-11-20,3120 ,307 ,292 ,262 ,372 ,348 ,406 ,619 ,306 ,208 ,24 
2021-11-21,2826 ,263 ,328 ,270 ,362 ,318 ,348 ,526 ,270 ,141 ,20 
2021-11-22,2697 ,289 ,286 ,237 ,341 ,326 ,339 ,520 ,236 ,123 ,14 
2021-11-23,4115 ,299 ,390 ,363 ,530 ,487 ,565 ,873 ,409 ,199 ,28 
2021-11-24,3937 ,293 ,407 ,350 ,504 ,470 ,538 ,831 ,353 ,191 ,21 
2021-11-25,3895 ,318 ,391 ,373 ,458 ,466 ,542 ,767 ,364 ,216 ,18 
2021-11-26,4067 ,340 ,441 ,375 ,449 ,510 ,538 ,809 ,406 ,199 ,23 
2021-11-27,3925 ,348 ,393 ,336 ,451 ,417 ,461 ,778 ,438 ,303 ,35 
2021-11-28,3307 ,335 ,307 ,286 ,370 ,359 ,417 ,663 ,366 ,204 ,23 
2021-11-29,3032 ,307 ,309 ,252 ,394 ,351 ,369 ,620 ,258 ,172 ,29 
2021-11-30,5122 ,416 ,522 ,467 ,604 ,584 ,722 ,980 ,524 ,303 ,48 
2021-12-01,5263 ,425 ,553 ,520 ,625 ,600 ,677 ,1035 ,536 ,292 ,24 
2021-12-02,4944 ,452 ,548 ,449 ,561 ,587 ,651 ,957 ,501 ,238 ,21 
2021-12-03,5352 ,502 ,588 ,453 ,645 ,623 ,673 ,1061 ,535 ,272 ,25 
2021-12-04,5125 ,483 ,556 ,444 ,582 ,580 ,655 ,1055 ,515 ,255 ,23 
2021-12-05,4324 ,485 ,481 ,359 ,446 ,484 ,524 ,883 ,408 ,254 ,29 
2021-12-06,4952 ,548 ,549 ,430 ,597 ,632 ,647 ,940 ,418 ,191 ,30 
2021-12-07,7173 ,664 ,728 ,600 ,858 ,940 ,935 ,1505 ,665 ,278 ,34 
2021-12-08,7102 ,683 ,728 ,682 ,884 ,899 ,906 ,1404 ,635 ,281 ,20 
2021-12-09,7020 ,725 ,758 ,632 ,811 ,888 ,916 ,1403 ,615 ,272 ,39 
2021-12-10,6973 ,730 ,708 ,604 ,850 ,861 ,929 ,1427 ,585 ,279 ,26 
2021-12-11,6683 ,628 ,661 ,591 ,802 ,846 ,903 ,1375 ,596 ,281 ,28 
2021-12-12,5816 ,614 ,546 ,513 ,674 ,782 ,794 ,1187 ,498 ,208 ,35 
2021-12-13,5565 ,647 ,585 ,532 ,637 ,747 ,756 ,1035 ,425 ,201 ,42 
2021-12-14,7848 ,852 ,744 ,762 ,984 ,1030 ,1091 ,1495 ,611 ,279 ,23 
2021-12-15,7619 ,785 ,738 ,770 ,990 ,1045 ,1054 ,1505 ,527 ,205 ,31 
2021-12-16,7434 ,889 ,703 ,764 ,947 ,1003 ,1003 ,1350 ,578 ,197 ,35 
2021-12-17,7310 ,893 ,721 ,772 ,900 ,992 ,924 ,1400 ,525 ,183 ,29 
2021-12-18,6233 ,785 ,631 ,647 ,783 ,855 ,840 ,1102 ,421 ,169 ,63 
2021-12-19,5316 ,732 ,547 ,525 ,694 ,711 ,700 ,929 ,330 ,148 ,60 
2021-12-20,5194 ,699 ,567 ,495 ,685 ,756 ,716 ,873 ,290 ,113 ,58 
2021-12-21,7454 ,878 ,804 ,788 ,1044 ,1033 ,1006 ,1265 ,438 ,198 ,91 
2021-12-22,6915 ,828 ,752 ,709 ,941 ,994 ,924 ,1161 ,403 ,203 ,61 
2021-12-23,6233 ,761 ,721 ,679 ,856 ,898 ,800 ,1012 ,349 ,157 ,70 
2021-12-24,5839 ,760 ,660 ,674 ,765 ,812 ,826 ,883 ,322 ,137 ,74 
2021-12-25,5415 ,717 ,623 ,561 ,732 ,772 ,732 ,847 ,278 ,153 ,80 
2021-12-26,4204 ,640 ,485 ,452 ,597 ,619 ,546 ,586 ,193 ,86 ,83 
2021-12-27,3864 ,589 ,461 ,423 ,553 ,591 ,480 ,526 ,159 ,82 ,88 
2021-12-28,5407 ,615 ,646 ,648 ,807 ,802 ,718 ,755 ,263 ,153 ,126 
2021-12-29,5034 ,681 ,560 ,662 ,710 ,738 ,684 ,654 ,234 ,111 ,105 
2021-12-30,4872 ,687 ,613 ,584 ,698 ,725 ,625 ,623 ,209 ,108 ,117 
2021-12-31,4414 ,678 ,472 ,505 ,648 ,664 ,593 ,563 ,186 ,105 ,105 
2022-01-01,3830 ,520 ,465 ,480 ,581 ,595 ,497 ,458 ,156 ,78 ,150 
2022-01-02,3124 ,488 ,388 ,388 ,475 ,492 ,362 ,347 ,123 ,61 ,135 
2022-01-03,3022 ,416 ,356 ,422 ,475 ,458 ,393 ,339 ,98 ,65 ,135 
2022-01-04,4441 ,522 ,554 ,578 ,754 ,756 ,560 ,439 ,169 ,109 ,210 
2022-01-05,4123 ,555 ,505 ,613 ,632 ,686 ,506 ,407 ,130 ,89 ,193 
2022-01-06,3711 ,443 ,454 ,571 ,610 ,604 ,481 ,352 ,111 ,85 ,185 
2022-01-07,3503 ,408 ,408 ,569 ,554 ,524 ,493 ,366 ,132 ,49 ,209 
2022-01-08,3370 ,423 ,455 ,528 ,527 ,522 ,416 ,323 ,110 ,66 ,234 
2022-01-09,3005 ,396 ,404 ,478 ,457 ,474 ,370 ,262 ,94 ,70 ,238 
2022-01-10,3094 ,425 ,460 ,502 ,483 ,513 ,330 ,256 ,83 ,42 ,284 
2022-01-11,4383 ,452 ,552 ,851 ,767 ,759 ,496 ,294 ,126 ,86 ,378 
2022-01-12,4162 ,476 ,563 ,759 ,707 ,699 ,478 ,291 ,101 ,88 ,387 
2022-01-13,4538 ,454 ,666 ,1071 ,769 ,699 ,394 ,290 ,102 ,93 ,406 
2022-01-14,4419 ,510 ,633 ,951 ,743 ,629 ,454 ,290 ,113 ,96 ,345 
2022-01-15,4189 ,557 ,606 ,819 ,638 ,636 ,468 ,260 ,108 ,97 ,377 
2022-01-16,3856 ,583 ,582 ,645 ,574 ,600 ,439 ,224 ,85 ,124 ,306 
2022-01-17,4070 ,574 ,656 ,749 ,627 ,612 ,455 ,244 ,95 ,58 ,309 
2022-01-18,5804 ,754 ,938 ,1113 ,925 ,984 ,585 ,307 ,106 ,92 ,374 
2022-01-19,6600 ,735 ,1106 ,1433 ,991 ,1035 ,670 ,345 ,149 ,136 ,245 
2022-01-20,6766 ,704 ,1170 ,1532 ,1097 ,1023 ,652 ,343 ,150 ,95 ,287 
2022-01-21,7004 ,765 ,1248 ,1559 ,1085 ,1051 ,700 ,362 ,125 ,109 ,278 
2022-01-22,7625 ,909 ,1365 ,1590 ,1131 ,1131 ,750 ,432 ,135 ,182 ,284 
2022-01-23,7511 ,954 ,1326 ,1462 ,1109 ,1211 ,805 ,392 ,147 ,105 ,352 
2022-01-24,8570 ,1168 ,1571 ,1708 ,1334 ,1358 ,821 ,383 ,135 ,92 ,215 
2022-01-25,13007 ,1516 ,2422 ,2734 ,2046 ,2094 ,1200 ,607 ,211 ,177 ,269 
2022-01-26,14514 ,1653 ,2809 ,3283 ,2081 ,2227 ,1335 ,653 ,241 ,232 ,217 
2022-01-27,16092 ,1679 ,2938 ,3860 ,2326 ,2489 ,1511 ,787 ,281 ,221 ,201 
2022-01-28,17511 ,1916 ,3229 ,4022 ,2568 ,2661 ,1735 ,844 ,299 ,237 ,189 
2022-01-29,17526 ,1932 ,3233 ,3824 ,2616 ,2704 ,1737 ,929 ,335 ,216 ,225 
2022-01-30,17077 ,1998 ,3254 ,3518 ,2571 ,2664 ,1670 ,889 ,309 ,204 ,231 
2022-01-31,18337 ,2314 ,3472 ,3730 ,2593 ,2920 ,1848 ,945 ,305 ,210 ,219 
2022-02-01,20268 ,2415 ,3675 ,4052 ,2947 ,3316 ,2137 ,1069 ,394 ,263 ,158 
2022-02-02,22906 ,2704 ,3911 ,4701 ,3513 ,3837 ,2406 ,1181 ,393 ,260 ,134 
2022-02-03,27437 ,2887 ,4371 ,5919 ,4159 ,4611 ,2973 ,1558 ,579 ,380 ,157 
2022-02-04,36341 ,3751 ,5432 ,7766 ,5518 ,5791 ,3853 ,2541 ,1036 ,653 ,188 
2022-02-05,38688 ,4007 ,5875 ,7872 ,5678 ,6163 ,4317 ,2814 ,1285 ,677 ,189 
2022-02-06,35281 ,3541 ,5235 ,7246 ,5201 ,5640 ,4102 ,2479 ,1127 ,710 ,157 
2022-02-07,36717 ,3766 ,5480 ,7634 ,5340 ,5885 ,4348 ,2545 ,1050 ,669 ,100 
2022-02-08,49549 ,4949 ,7511 ,10706 ,7275 ,7573 ,5603 ,3429 ,1459 ,1044 ,165 
2022-02-09,54120 ,5704 ,8547 ,11855 ,7902 ,8089 ,6015 ,3462 ,1548 ,998 ,88 
2022-02-10,53920 ,5633 ,8375 ,11804 ,8177 ,8114 ,5722 ,3588 ,1392 ,1115 ,129 
2022-02-11,54938 ,6029 ,8888 ,11682 ,8020 ,8184 ,5806 ,3752 ,1472 ,1105 ,111 
2022-02-12,56430 ,6597 ,9265 ,11440 ,7968 ,8442 ,5872 ,3888 ,1641 ,1317 ,134 
2022-02-13,54615 ,6901 ,9200 ,10115 ,7785 ,8536 ,5925 ,3708 ,1458 ,987 ,106 
2022-02-14,57169 ,8051 ,9502 ,9956 ,8508 ,8993 ,6184 ,3706 ,1326 ,943 ,168 
2022-02-15,90441 ,12583 ,14166 ,15555 ,13565 ,14528 ,9760 ,6204 ,2418 ,1662 ,162 
2022-02-16,93134 ,13193 ,14799 ,15721 ,14168 ,15196 ,9883 ,6138 ,2334 ,1702 ,90 
2022-02-17,109831 ,14129 ,16632 ,19335 ,17410 ,18262 ,11793 ,7617 ,2769 ,1884 ,116 
