Date,Dose,Age,Cumul
2022-02-17,1차,y12,0 
2022-02-16,1차,y12,0 
2022-02-15,1차,y12,0 
2022-02-14,1차,y12,0 
2022-02-13,1차,y12,0 
2022-02-12,1차,y12,0 
2022-02-11,1차,y12,0 
2022-02-10,1차,y12,0 
2022-02-09,1차,y12,0 
2022-02-08,1차,y12,0 
2022-02-07,1차,y12,0 
2022-02-06,1차,y12,0 
2022-02-05,1차,y12,0 
2022-02-04,1차,y12,0 
2022-02-03,1차,y12,0 
2022-02-02,1차,y12,0 
2022-02-01,1차,y12,0 
2022-01-31,1차,y12,0 
2022-01-30,1차,y12,0 
2022-01-29,1차,y12,0 
2022-01-28,1차,y12,0 
2022-01-27,1차,y12,0 
2022-01-26,1차,y12,0 
2022-01-25,1차,y12,0 
2022-01-24,1차,y12,0 
2022-01-23,1차,y12,0 
2022-01-22,1차,y12,0 
2022-01-21,1차,y12,0 
2022-01-20,1차,y12,0 
2022-01-19,1차,y12,0 
2022-01-18,1차,y12,0 
2022-01-17,1차,y12,0 
2022-01-16,1차,y12,0 
2022-01-15,1차,y12,0 
2022-01-14,1차,y12,0 
2022-01-13,1차,y12,0 
2022-01-12,1차,y12,0 
2022-01-11,1차,y12,0 
2022-01-10,1차,y12,0 
2022-01-09,1차,y12,0 
2022-01-08,1차,y12,0 
2022-01-07,1차,y12,0 
2022-01-06,1차,y12,0 
2022-01-05,1차,y12,0 
2022-01-04,1차,y12,0 
2022-01-02,1차,y12,0 
2022-01-01,1차,y12,0 
2021-12-31,1차,y12,0 
2021-12-30,1차,y12,0 
2021-12-29,1차,y12,0 
2021-12-28,1차,y12,0 
2021-12-26,1차,y12,0 
2021-12-25,1차,y12,0 
2021-12-24,1차,y12,0 
2021-12-23,1차,y12,0 
2021-12-22,1차,y12,0 
2021-12-21,1차,y12,0 
2021-12-19,1차,y12,0 
2021-12-18,1차,y12,0 
2021-12-17,1차,y12,0 
2021-12-16,1차,y12,0 
2021-12-15,1차,y12,0 
2021-12-14,1차,y12,0 
2021-12-12,1차,y12,0 
2021-12-11,1차,y12,0 
2021-12-10,1차,y12,0 
2021-12-09,1차,y12,0 
2021-12-08,1차,y12,0 
2021-12-07,1차,y12,0 
2021-12-06,1차,y12,0 
2021-12-05,1차,y12,0 
2021-12-04,1차,y12,0 
2021-12-03,1차,y12,0 
2021-12-02,1차,y12,0 
2021-12-01,1차,y12,0 
2021-11-30,1차,y12,0 
2021-11-29,1차,y12,0 
2021-11-28,1차,y12,0 
2021-11-27,1차,y12,0 
2021-11-26,1차,y12,0 
2021-11-25,1차,y12,0 
2021-11-24,1차,y12,0 
2021-11-23,1차,y12,0 
2021-11-22,1차,y12,0 
2021-11-21,1차,y12,0 
2021-11-20,1차,y12,0 
2021-11-19,1차,y12,0 
2021-11-18,1차,y12,0 
2021-11-17,1차,y12,0 
2021-11-16,1차,y12,0 
2021-11-15,1차,y12,0 
2021-11-14,1차,y12,0 
2021-11-13,1차,y12,0 
2021-11-12,1차,y12,0 
2021-11-11,1차,y12,0 
2021-11-10,1차,y12,0 
2021-11-09,1차,y12,0 
2021-11-08,1차,y12,0 
2021-11-07,1차,y12,0 
2021-11-06,1차,y12,0 
2021-11-05,1차,y12,0 
2021-11-04,1차,y12,0 
2021-11-03,1차,y12,0 
2021-11-02,1차,y12,0 
2021-11-01,1차,y12,0 
2021-10-31,1차,y12,0 
2022-02-17,1차,y12-17,1842415 
2022-02-16,1차,y12-17,1840468 
2022-02-15,1차,y12-17,1838703 
2022-02-14,1차,y12-17,1836646 
2022-02-13,1차,y12-17,1834051 
2022-02-12,1차,y12-17,1833903 
2022-02-11,1차,y12-17,1830629 
2022-02-10,1차,y12-17,1826880 
2022-02-09,1차,y12-17,1824753 
2022-02-08,1차,y12-17,1822927 
2022-02-07,1차,y12-17,1820906 
2022-02-06,1차,y12-17,1817794 
2022-02-05,1차,y12-17,1817576 
2022-02-04,1차,y12-17,1813433 
2022-02-03,1차,y12-17,1807552 
2022-02-02,1차,y12-17,1802522 
2022-02-01,1차,y12-17,1802324 
2022-01-31,1차,y12-17,1802310 
2022-01-30,1차,y12-17,1802107 
2022-01-29,1차,y12-17,1801831 
2022-01-28,1차,y12-17,1797860 
2022-01-27,1차,y12-17,1792372 
2022-01-26,1차,y12-17,1788802 
2022-01-25,1차,y12-17,1785365 
2022-01-24,1차,y12-17,1781859 
2022-01-23,1차,y12-17,1777421 
2022-01-22,1차,y12-17,1777208 
2022-01-21,1차,y12-17,1772206 
2022-01-20,1차,y12-17,1765400 
2022-01-19,1차,y12-17,1761400 
2022-01-18,1차,y12-17,1757846 
2022-01-17,1차,y12-17,1753704 
2022-01-16,1차,y12-17,1748481 
2022-01-15,1차,y12-17,1748221 
2022-01-14,1차,y12-17,1742344 
2022-01-13,1차,y12-17,1733616 
2022-01-12,1차,y12-17,1728235 
2022-01-11,1차,y12-17,1722888 
2022-01-10,1차,y12-17,1716713 
2022-01-09,1차,y12-17,1709080 
2022-01-08,1차,y12-17,1708752 
2022-01-07,1차,y12-17,1701768 
2022-01-06,1차,y12-17,1692027 
2022-01-05,1차,y12-17,1685322 
2022-01-04,1차,y12-17,1678242 
2022-01-02,1차,y12-17,1670325 
2022-01-01,1차,y12-17,2078387 
2021-12-31,1차,y12-17,2076259 
2021-12-30,1차,y12-17,2049444 
2021-12-29,1차,y12-17,2021176 
2021-12-28,1차,y12-17,1991542 
2021-12-26,1차,y12-17,1967601 
2021-12-25,1차,y12-17,1922603 
2021-12-24,1차,y12-17,1917930 
2021-12-23,1차,y12-17,1878320 
2021-12-22,1차,y12-17,1831934 
2021-12-21,1차,y12-17,1780316 
2021-12-19,1차,y12-17,1748161 
2021-12-18,1차,y12-17,1687658 
2021-12-17,1차,y12-17,1650663 
2021-12-16,1차,y12-17,1600787 
2021-12-15,1차,y12-17,1549120 
2021-12-14,1차,y12-17,1504278 
2021-12-12,1차,y12-17,1485762 
2021-12-11,1차,y12-17,1447164 
2021-12-10,1차,y12-17,1433562 
2021-12-09,1차,y12-17,1411571 
2021-12-08,1차,y12-17,1390410 
2021-12-07,1차,y12-17,1370305 
2021-12-06,1차,y12-17,1358952 
2021-12-05,1차,y12-17,1337880 
2021-12-04,1차,y12-17,1337452 
2021-12-03,1차,y12-17,1329040 
2021-12-02,1차,y12-17,1318417 
2021-12-01,1차,y12-17,1308441 
2021-11-30,1차,y12-17,1297240 
2021-11-29,1차,y12-17,1290057 
2021-11-28,1차,y12-17,1277214 
2021-11-27,1차,y12-17,1276908 
2021-11-26,1차,y12-17,1251765 
2021-11-25,1차,y12-17,1214894 
2021-11-24,1차,y12-17,1181237 
2021-11-23,1차,y12-17,1147948 
2021-11-22,1차,y12-17,1133522 
2021-11-21,1차,y12-17,1102649 
2021-11-20,1차,y12-17,1102068 
2021-11-19,1차,y12-17,1083605 
2021-11-18,1차,y12-17,1054749 
2021-11-17,1차,y12-17,1025959 
2021-11-16,1차,y12-17,997639 
2021-11-15,1차,y12-17,982933 
2021-11-14,1차,y12-17,944830 
2021-11-13,1차,y12-17,943799 
2021-11-12,1차,y12-17,899178 
2021-11-11,1차,y12-17,844497 
2021-11-10,1차,y12-17,800196 
2021-11-09,1차,y12-17,750814 
2021-11-08,1차,y12-17,726927 
2021-11-07,1차,y12-17,639380 
2021-11-06,1차,y12-17,638336 
2021-11-05,1차,y12-17,605714 
2021-11-04,1차,y12-17,567448 
2021-11-03,1차,y12-17,531594 
2021-11-02,1차,y12-17,492017 
2021-11-01,1차,y12-17,478427 
2021-10-31,1차,y12-17,431379 
2022-02-17,1차,y18-29,7253656 
2022-02-16,1차,y18-29,7251541 
2022-02-15,1차,y18-29,7249492 
2022-02-14,1차,y18-29,7247300 
2022-02-13,1차,y18-29,7244388 
2022-02-12,1차,y18-29,7244309 
2022-02-11,1차,y18-29,7243551 
2022-02-10,1차,y18-29,7241882 
2022-02-09,1차,y18-29,7240480 
2022-02-08,1차,y18-29,7239162 
2022-02-07,1차,y18-29,7237640 
2022-02-06,1차,y18-29,7235312 
2022-02-05,1차,y18-29,7235210 
2022-02-04,1차,y18-29,7234249 
2022-02-03,1차,y18-29,7231566 
2022-02-02,1차,y18-29,7228433 
2022-02-01,1차,y18-29,7228340 
2022-01-31,1차,y18-29,7228313 
2022-01-30,1차,y18-29,7228131 
2022-01-29,1차,y18-29,7227993 
2022-01-28,1차,y18-29,7226827 
2022-01-27,1차,y18-29,7224175 
2022-01-26,1차,y18-29,7222223 
2022-01-25,1차,y18-29,7220358 
2022-01-24,1차,y18-29,7218311 
2022-01-23,1차,y18-29,7215396 
2022-01-22,1차,y18-29,7215243 
2022-01-21,1차,y18-29,7213905 
2022-01-20,1차,y18-29,7211228 
2022-01-19,1차,y18-29,7209202 
2022-01-18,1차,y18-29,7207066 
2022-01-17,1차,y18-29,7204572 
2022-01-16,1차,y18-29,7200828 
2022-01-15,1차,y18-29,7200668 
2022-01-14,1차,y18-29,7198497 
2022-01-13,1차,y18-29,7194728 
2022-01-12,1차,y18-29,7191692 
2022-01-11,1차,y18-29,7188409 
2022-01-10,1차,y18-29,7184550 
2022-01-09,1차,y18-29,7178999 
2022-01-08,1차,y18-29,7178741 
2022-01-07,1차,y18-29,7176062 
2022-01-06,1차,y18-29,7171381 
2022-01-05,1차,y18-29,7167623 
2022-01-04,1차,y18-29,7163338 
2022-01-02,1차,y18-29,7157621 
2022-01-01,1차,y18-29,7416478 
2021-12-31,1차,y18-29,7415068 
2021-12-30,1차,y18-29,7407191 
2021-12-29,1차,y18-29,7400753 
2021-12-28,1차,y18-29,7393804 
2021-12-26,1차,y18-29,7385499 
2021-12-25,1차,y18-29,7372485 
2021-12-24,1차,y18-29,7370331 
2021-12-23,1차,y18-29,7358137 
2021-12-22,1차,y18-29,7346662 
2021-12-21,1차,y18-29,7332812 
2021-12-19,1차,y18-29,7316869 
2021-12-18,1차,y18-29,7292498 
2021-12-17,1차,y18-29,7281272 
2021-12-16,1차,y18-29,7263449 
2021-12-15,1차,y18-29,7248467 
2021-12-14,1차,y18-29,7234528 
2021-12-12,1차,y18-29,7221659 
2021-12-11,1차,y18-29,7207983 
2021-12-10,1차,y18-29,7203488 
2021-12-09,1차,y18-29,7191961 
2021-12-08,1차,y18-29,7182950 
2021-12-07,1차,y18-29,7174247 
2021-12-06,1차,y18-29,7164223 
2021-12-05,1차,y18-29,7152683 
2021-12-04,1차,y18-29,7152140 
2021-12-03,1차,y18-29,7146977 
2021-12-02,1차,y18-29,7139491 
2021-12-01,1차,y18-29,7135444 
2021-11-30,1차,y18-29,7131212 
2021-11-29,1차,y18-29,7126758 
2021-11-28,1차,y18-29,7120319 
2021-11-27,1차,y18-29,7120064 
2021-11-26,1차,y18-29,7117269 
2021-11-25,1차,y18-29,7111421 
2021-11-24,1차,y18-29,7106455 
2021-11-23,1차,y18-29,7101662 
2021-11-22,1차,y18-29,7096649 
2021-11-21,1차,y18-29,7089868 
2021-11-20,1차,y18-29,7089549 
2021-11-19,1차,y18-29,7085964 
2021-11-18,1차,y18-29,7079068 
2021-11-17,1차,y18-29,7073141 
2021-11-16,1차,y18-29,7066528 
2021-11-15,1차,y18-29,7059211 
2021-11-14,1차,y18-29,7050217 
2021-11-13,1차,y18-29,7049705 
2021-11-12,1차,y18-29,7046047 
2021-11-11,1차,y18-29,7037080 
2021-11-10,1차,y18-29,7030184 
2021-11-09,1차,y18-29,7023061 
2021-11-08,1차,y18-29,7014833 
2021-11-07,1차,y18-29,7004519 
2021-11-06,1차,y18-29,7003983 
2021-11-05,1차,y18-29,6998671 
2021-11-04,1차,y18-29,6987492 
2021-11-03,1차,y18-29,6978333 
2021-11-02,1차,y18-29,6968385 
2021-11-01,1차,y18-29,6957099 
2021-10-31,1차,y18-29,6942150 
2022-02-17,1차,y30-39,6349795 
2022-02-16,1차,y30-39,6347323 
2022-02-15,1차,y30-39,6344971 
2022-02-14,1차,y30-39,6342480 
2022-02-13,1차,y30-39,6339294 
2022-02-12,1차,y30-39,6339226 
2022-02-11,1차,y30-39,6338337 
2022-02-10,1차,y30-39,6336447 
2022-02-09,1차,y30-39,6335040 
2022-02-08,1차,y30-39,6333782 
2022-02-07,1차,y30-39,6332349 
2022-02-06,1차,y30-39,6330108 
2022-02-05,1차,y30-39,6330029 
2022-02-04,1차,y30-39,6328837 
2022-02-03,1차,y30-39,6325961 
2022-02-02,1차,y30-39,6322889 
2022-02-01,1차,y30-39,6322804 
2022-01-31,1차,y30-39,6322774 
2022-01-30,1차,y30-39,6322607 
2022-01-29,1차,y30-39,6322478 
2022-01-28,1차,y30-39,6320790 
2022-01-27,1차,y30-39,6317756 
2022-01-26,1차,y30-39,6315779 
2022-01-25,1차,y30-39,6314014 
2022-01-24,1차,y30-39,6312096 
2022-01-23,1차,y30-39,6309365 
2022-01-22,1차,y30-39,6309256 
2022-01-21,1차,y30-39,6307673 
2022-01-20,1차,y30-39,6304651 
2022-01-19,1차,y30-39,6303110 
2022-01-18,1차,y30-39,6300474 
2022-01-17,1차,y30-39,6297973 
2022-01-16,1차,y30-39,6294250 
2022-01-15,1차,y30-39,6294071 
2022-01-14,1차,y30-39,6291484 
2022-01-13,1차,y30-39,6286776 
2022-01-12,1차,y30-39,6283328 
2022-01-11,1차,y30-39,6279995 
2022-01-10,1차,y30-39,6275946 
2022-01-09,1차,y30-39,6270368 
2022-01-08,1차,y30-39,6270149 
2022-01-07,1차,y30-39,6266917 
2022-01-06,1차,y30-39,6260990 
2022-01-05,1차,y30-39,6256463 
2022-01-04,1차,y30-39,6252105 
2022-01-02,1차,y30-39,6246306 
2022-01-01,1차,y30-39,6315105 
2021-12-31,1차,y30-39,6313754 
2021-12-30,1차,y30-39,6304955 
2021-12-29,1차,y30-39,6299225 
2021-12-28,1차,y30-39,6293372 
2021-12-26,1차,y30-39,6287107 
2021-12-25,1차,y30-39,6277067 
2021-12-24,1차,y30-39,6275262 
2021-12-23,1차,y30-39,6262933 
2021-12-22,1차,y30-39,6253475 
2021-12-21,1차,y30-39,6242604 
2021-12-19,1차,y30-39,6230461 
2021-12-18,1차,y30-39,6210892 
2021-12-17,1차,y30-39,6199907 
2021-12-16,1차,y30-39,6182460 
2021-12-15,1차,y30-39,6169140 
2021-12-14,1차,y30-39,6157056 
2021-12-12,1차,y30-39,6145970 
2021-12-11,1차,y30-39,6134046 
2021-12-10,1차,y30-39,6129556 
2021-12-09,1차,y30-39,6119951 
2021-12-08,1차,y30-39,6112650 
2021-12-07,1차,y30-39,6105029 
2021-12-06,1차,y30-39,6096953 
2021-12-05,1차,y30-39,6087406 
2021-12-04,1차,y30-39,6086943 
2021-12-03,1차,y30-39,6082431 
2021-12-02,1차,y30-39,6074964 
2021-12-01,1차,y30-39,6071104 
2021-11-30,1차,y30-39,6067528 
2021-11-29,1차,y30-39,6063615 
2021-11-28,1차,y30-39,6058385 
2021-11-27,1차,y30-39,6058190 
2021-11-26,1차,y30-39,6055498 
2021-11-25,1차,y30-39,6050095 
2021-11-24,1차,y30-39,6046040 
2021-11-23,1차,y30-39,6042308 
2021-11-22,1차,y30-39,6038437 
2021-11-21,1차,y30-39,6033007 
2021-11-20,1차,y30-39,6032737 
2021-11-19,1차,y30-39,6029859 
2021-11-18,1차,y30-39,6023883 
2021-11-17,1차,y30-39,6018987 
2021-11-16,1차,y30-39,6014119 
2021-11-15,1차,y30-39,6008771 
2021-11-14,1차,y30-39,6002029 
2021-11-13,1차,y30-39,6001637 
2021-11-12,1차,y30-39,5998553 
2021-11-11,1차,y30-39,5991231 
2021-11-10,1차,y30-39,5985636 
2021-11-09,1차,y30-39,5980499 
2021-11-08,1차,y30-39,5974637 
2021-11-07,1차,y30-39,5966824 
2021-11-06,1차,y30-39,5966466 
2021-11-05,1차,y30-39,5962331 
2021-11-04,1차,y30-39,5953254 
2021-11-03,1차,y30-39,5946241 
2021-11-02,1차,y30-39,5939604 
2021-11-01,1차,y30-39,5931751 
2021-10-31,1차,y30-39,5921982 
2022-02-17,1차,y40-49,7701633 
2022-02-16,1차,y40-49,7699644 
2022-02-15,1차,y40-49,7697499 
2022-02-14,1차,y40-49,7695528 
2022-02-13,1차,y40-49,7693104 
2022-02-12,1차,y40-49,7693080 
2022-02-11,1차,y40-49,7692616 
2022-02-10,1차,y40-49,7691516 
2022-02-09,1차,y40-49,7690638 
2022-02-08,1차,y40-49,7689801 
2022-02-07,1차,y40-49,7688892 
2022-02-06,1차,y40-49,7687435 
2022-02-05,1차,y40-49,7687399 
2022-02-04,1차,y40-49,7686774 
2022-02-03,1차,y40-49,7684890 
2022-02-02,1차,y40-49,7682737 
2022-02-01,1차,y40-49,7682713 
2022-01-31,1차,y40-49,7682698 
2022-01-30,1차,y40-49,7682601 
2022-01-29,1차,y40-49,7682543 
2022-01-28,1차,y40-49,7681676 
2022-01-27,1차,y40-49,7679897 
2022-01-26,1차,y40-49,7678617 
2022-01-25,1차,y40-49,7677414 
2022-01-24,1차,y40-49,7676106 
2022-01-23,1차,y40-49,7674240 
2022-01-22,1차,y40-49,7674186 
2022-01-21,1차,y40-49,7673322 
2022-01-20,1차,y40-49,7671495 
2022-01-19,1차,y40-49,7670061 
2022-01-18,1차,y40-49,7668634 
2022-01-17,1차,y40-49,7666823 
2022-01-16,1차,y40-49,7664160 
2022-01-15,1차,y40-49,7664065 
2022-01-14,1차,y40-49,7662562 
2022-01-13,1차,y40-49,7659624 
2022-01-12,1차,y40-49,7657348 
2022-01-11,1차,y40-49,7654861 
2022-01-10,1차,y40-49,7651836 
2022-01-09,1차,y40-49,7647583 
2022-01-08,1차,y40-49,7647467 
2022-01-07,1차,y40-49,7645473 
2022-01-06,1차,y40-49,7641848 
2022-01-05,1차,y40-49,7638948 
2022-01-04,1차,y40-49,7635840 
2022-01-02,1차,y40-49,7631568 
2022-01-01,1차,y40-49,7707497 
2021-12-31,1차,y40-49,7706804 
2021-12-30,1차,y40-49,7700835 
2021-12-29,1차,y40-49,7696864 
2021-12-28,1차,y40-49,7692572 
2021-12-26,1차,y40-49,7687913 
2021-12-25,1차,y40-49,7680835 
2021-12-24,1차,y40-49,7679671 
2021-12-23,1차,y40-49,7670959 
2021-12-22,1차,y40-49,7664057 
2021-12-21,1차,y40-49,7656311 
2021-12-19,1차,y40-49,7647681 
2021-12-18,1차,y40-49,7634377 
2021-12-17,1차,y40-49,7627153 
2021-12-16,1차,y40-49,7615114 
2021-12-15,1차,y40-49,7605864 
2021-12-14,1차,y40-49,7596847 
2021-12-12,1차,y40-49,7588641 
2021-12-11,1차,y40-49,7579981 
2021-12-10,1차,y40-49,7577084 
2021-12-09,1차,y40-49,7571180 
2021-12-08,1차,y40-49,7566495 
2021-12-07,1차,y40-49,7561673 
2021-12-06,1차,y40-49,7556658 
2021-12-05,1차,y40-49,7550915 
2021-12-04,1차,y40-49,7550723 
2021-12-03,1차,y40-49,7548041 
2021-12-02,1차,y40-49,7543680 
2021-12-01,1차,y40-49,7541146 
2021-11-30,1차,y40-49,7538708 
2021-11-29,1차,y40-49,7535947 
2021-11-28,1차,y40-49,7532464 
2021-11-27,1차,y40-49,7532339 
2021-11-26,1차,y40-49,7530650 
2021-11-25,1차,y40-49,7527272 
2021-11-24,1차,y40-49,7524790 
2021-11-23,1차,y40-49,7522221 
2021-11-22,1차,y40-49,7519573 
2021-11-21,1차,y40-49,7516157 
2021-11-20,1차,y40-49,7516013 
2021-11-19,1차,y40-49,7514154 
2021-11-18,1차,y40-49,7510456 
2021-11-17,1차,y40-49,7507406 
2021-11-16,1차,y40-49,7504174 
2021-11-15,1차,y40-49,7500719 
2021-11-14,1차,y40-49,7496317 
2021-11-13,1차,y40-49,7496076 
2021-11-12,1차,y40-49,7493917 
2021-11-11,1차,y40-49,7489289 
2021-11-10,1차,y40-49,7485725 
2021-11-09,1차,y40-49,7482029 
2021-11-08,1차,y40-49,7477871 
2021-11-07,1차,y40-49,7472390 
2021-11-06,1차,y40-49,7472177 
2021-11-05,1차,y40-49,7469443 
2021-11-04,1차,y40-49,7463423 
2021-11-03,1차,y40-49,7458805 
2021-11-02,1차,y40-49,7454339 
2021-11-01,1차,y40-49,7449174 
2021-10-31,1차,y40-49,7442712 
2022-02-17,1차,y50-59,8420354 
2022-02-16,1차,y50-59,8419221 
2022-02-15,1차,y50-59,8417997 
2022-02-14,1차,y50-59,8416705 
2022-02-13,1차,y50-59,8415167 
2022-02-12,1차,y50-59,8415145 
2022-02-11,1차,y50-59,8414833 
2022-02-10,1차,y50-59,8413990 
2022-02-09,1차,y50-59,8413226 
2022-02-08,1차,y50-59,8412604 
2022-02-07,1차,y50-59,8411841 
2022-02-06,1차,y50-59,8410637 
2022-02-05,1차,y50-59,8410611 
2022-02-04,1차,y50-59,8410195 
2022-02-03,1차,y50-59,8408757 
2022-02-02,1차,y50-59,8406959 
2022-02-01,1차,y50-59,8406942 
2022-01-31,1차,y50-59,8406938 
2022-01-30,1차,y50-59,8406896 
2022-01-29,1차,y50-59,8406866 
2022-01-28,1차,y50-59,8406337 
2022-01-27,1차,y50-59,8405015 
2022-01-26,1차,y50-59,8403933 
2022-01-25,1차,y50-59,8402976 
2022-01-24,1차,y50-59,8401912 
2022-01-23,1차,y50-59,8400517 
2022-01-22,1차,y50-59,8400492 
2022-01-21,1차,y50-59,8399983 
2022-01-20,1차,y50-59,8398654 
2022-01-19,1차,y50-59,8397558 
2022-01-18,1차,y50-59,8396359 
2022-01-17,1차,y50-59,8394867 
2022-01-16,1차,y50-59,8392555 
2022-01-15,1차,y50-59,8392498 
2022-01-14,1차,y50-59,8391504 
2022-01-13,1차,y50-59,8389448 
2022-01-12,1차,y50-59,8387633 
2022-01-11,1차,y50-59,8385525 
2022-01-10,1차,y50-59,8382907 
2022-01-09,1차,y50-59,8379584 
2022-01-08,1차,y50-59,8379513 
2022-01-07,1차,y50-59,8378327 
2022-01-06,1차,y50-59,8376008 
2022-01-05,1차,y50-59,8373879 
2022-01-04,1차,y50-59,8371501 
2022-01-02,1차,y50-59,8368266 
2022-01-01,1차,y50-59,8361449 
2021-12-31,1차,y50-59,8361166 
2021-12-30,1차,y50-59,8357066 
2021-12-29,1차,y50-59,8354073 
2021-12-28,1차,y50-59,8350814 
2021-12-26,1차,y50-59,8347259 
2021-12-25,1차,y50-59,8342124 
2021-12-24,1차,y50-59,8341538 
2021-12-23,1차,y50-59,8335540 
2021-12-22,1차,y50-59,8330552 
2021-12-21,1차,y50-59,8324924 
2021-12-19,1차,y50-59,8318535 
2021-12-18,1차,y50-59,8309628 
2021-12-17,1차,y50-59,8305650 
2021-12-16,1차,y50-59,8298083 
2021-12-15,1차,y50-59,8291437 
2021-12-14,1차,y50-59,8284949 
2021-12-12,1차,y50-59,8279258 
2021-12-11,1차,y50-59,8273659 
2021-12-10,1차,y50-59,8272195 
2021-12-09,1차,y50-59,8268788 
2021-12-08,1차,y50-59,8265963 
2021-12-07,1차,y50-59,8263123 
2021-12-06,1차,y50-59,8260231 
2021-12-05,1차,y50-59,8257111 
2021-12-04,1차,y50-59,8257031 
2021-12-03,1차,y50-59,8255799 
2021-12-02,1차,y50-59,8253325 
2021-12-01,1차,y50-59,8251715 
2021-11-30,1차,y50-59,8249854 
2021-11-29,1차,y50-59,8247712 
2021-11-28,1차,y50-59,8245352 
2021-11-27,1차,y50-59,8245285 
2021-11-26,1차,y50-59,8244267 
2021-11-25,1차,y50-59,8242108 
2021-11-24,1차,y50-59,8240398 
2021-11-23,1차,y50-59,8238627 
2021-11-22,1차,y50-59,8236685 
2021-11-21,1차,y50-59,8234273 
2021-11-20,1차,y50-59,8234211 
2021-11-19,1차,y50-59,8233111 
2021-11-18,1차,y50-59,8230718 
2021-11-17,1차,y50-59,8228752 
2021-11-16,1차,y50-59,8226598 
2021-11-15,1차,y50-59,8224199 
2021-11-14,1차,y50-59,8221401 
2021-11-13,1차,y50-59,8221278 
2021-11-12,1차,y50-59,8220084 
2021-11-11,1차,y50-59,8217266 
2021-11-10,1차,y50-59,8214779 
2021-11-09,1차,y50-59,8212161 
2021-11-08,1차,y50-59,8209013 
2021-11-07,1차,y50-59,8205197 
2021-11-06,1차,y50-59,8205091 
2021-11-05,1차,y50-59,8203495 
2021-11-04,1차,y50-59,8199815 
2021-11-03,1차,y50-59,8196904 
2021-11-02,1차,y50-59,8193803 
2021-11-01,1차,y50-59,8190245 
2021-10-31,1차,y50-59,8186251 
2022-02-17,1차,y60-69,7237707 
2022-02-16,1차,y60-69,7237004 
2022-02-15,1차,y60-69,7236241 
2022-02-14,1차,y60-69,7235523 
2022-02-13,1차,y60-69,7234752 
2022-02-12,1차,y60-69,7234749 
2022-02-11,1차,y60-69,7234581 
2022-02-10,1차,y60-69,7234098 
2022-02-09,1차,y60-69,7233692 
2022-02-08,1차,y60-69,7233315 
2022-02-07,1차,y60-69,7232850 
2022-02-06,1차,y60-69,7232240 
2022-02-05,1차,y60-69,7232236 
2022-02-04,1차,y60-69,7232054 
2022-02-03,1차,y60-69,7231301 
2022-02-02,1차,y60-69,7230399 
2022-02-01,1차,y60-69,7230386 
2022-01-31,1차,y60-69,7230383 
2022-01-30,1차,y60-69,7230368 
2022-01-29,1차,y60-69,7230358 
2022-01-28,1차,y60-69,7230134 
2022-01-27,1차,y60-69,7229439 
2022-01-26,1차,y60-69,7228835 
2022-01-25,1차,y60-69,7228302 
2022-01-24,1차,y60-69,7227676 
2022-01-23,1차,y60-69,7226857 
2022-01-22,1차,y60-69,7226848 
2022-01-21,1차,y60-69,7226620 
2022-01-20,1차,y60-69,7225865 
2022-01-19,1차,y60-69,7225240 
2022-01-18,1차,y60-69,7224553 
2022-01-17,1차,y60-69,7223695 
2022-01-16,1차,y60-69,7222477 
2022-01-15,1차,y60-69,7222453 
2022-01-14,1차,y60-69,7222043 
2022-01-13,1차,y60-69,7220835 
2022-01-12,1차,y60-69,7219745 
2022-01-11,1차,y60-69,7218431 
2022-01-10,1차,y60-69,7216804 
2022-01-09,1차,y60-69,7214862 
2022-01-08,1차,y60-69,7214833 
2022-01-07,1차,y60-69,7214245 
2022-01-06,1차,y60-69,7212817 
2022-01-05,1차,y60-69,7211535 
2022-01-04,1차,y60-69,7210040 
2022-01-02,1차,y60-69,7208064 
2022-01-01,1차,y60-69,6913206 
2021-12-31,1차,y60-69,6913088 
2021-12-30,1차,y60-69,6910810 
2021-12-29,1차,y60-69,6908887 
2021-12-28,1차,y60-69,6906854 
2021-12-26,1차,y60-69,6904540 
2021-12-25,1차,y60-69,6901646 
2021-12-24,1차,y60-69,6901436 
2021-12-23,1차,y60-69,6897977 
2021-12-22,1차,y60-69,6894740 
2021-12-21,1차,y60-69,6891116 
2021-12-19,1차,y60-69,6887162 
2021-12-18,1차,y60-69,6882122 
2021-12-17,1차,y60-69,6880228 
2021-12-16,1차,y60-69,6875572 
2021-12-15,1차,y60-69,6871400 
2021-12-14,1차,y60-69,6867237 
2021-12-12,1차,y60-69,6863446 
2021-12-11,1차,y60-69,6859922 
2021-12-10,1차,y60-69,6859087 
2021-12-09,1차,y60-69,6856517 
2021-12-08,1차,y60-69,6854451 
2021-12-07,1차,y60-69,6852546 
2021-12-06,1차,y60-69,6850579 
2021-12-05,1차,y60-69,6848746 
2021-12-04,1차,y60-69,6848715 
2021-12-03,1차,y60-69,6848075 
2021-12-02,1차,y60-69,6846370 
2021-12-01,1차,y60-69,6845177 
2021-11-30,1차,y60-69,6843833 
2021-11-29,1차,y60-69,6842409 
2021-11-28,1차,y60-69,6840782 
2021-11-27,1차,y60-69,6840748 
2021-11-26,1차,y60-69,6840261 
2021-11-25,1차,y60-69,6838676 
2021-11-24,1차,y60-69,6837413 
2021-11-23,1차,y60-69,6836063 
2021-11-22,1차,y60-69,6834814 
2021-11-21,1차,y60-69,6833330 
2021-11-20,1차,y60-69,6833304 
2021-11-19,1차,y60-69,6832725 
2021-11-18,1차,y60-69,6831188 
2021-11-17,1차,y60-69,6829851 
2021-11-16,1차,y60-69,6828358 
2021-11-15,1차,y60-69,6826844 
2021-11-14,1차,y60-69,6825060 
2021-11-13,1차,y60-69,6825026 
2021-11-12,1차,y60-69,6824444 
2021-11-11,1차,y60-69,6822695 
2021-11-10,1차,y60-69,6821180 
2021-11-09,1차,y60-69,6819536 
2021-11-08,1차,y60-69,6817657 
2021-11-07,1차,y60-69,6815596 
2021-11-06,1차,y60-69,6815551 
2021-11-05,1차,y60-69,6814820 
2021-11-04,1차,y60-69,6812668 
2021-11-03,1차,y60-69,6810996 
2021-11-02,1차,y60-69,6809170 
2021-11-01,1차,y60-69,6807084 
2021-10-31,1차,y60-69,6804796 
2022-02-17,1차,y70-79,3742682 
2022-02-16,1차,y70-79,3742375 
2022-02-15,1차,y70-79,3742087 
2022-02-14,1차,y70-79,3741769 
2022-02-13,1차,y70-79,3741467 
2022-02-12,1차,y70-79,3741464 
2022-02-11,1차,y70-79,3741414 
2022-02-10,1차,y70-79,3741250 
2022-02-09,1차,y70-79,3741048 
2022-02-08,1차,y70-79,3740882 
2022-02-07,1차,y70-79,3740710 
2022-02-06,1차,y70-79,3740497 
2022-02-05,1차,y70-79,3740494 
2022-02-04,1차,y70-79,3740418 
2022-02-03,1차,y70-79,3740150 
2022-02-02,1차,y70-79,3739855 
2022-02-01,1차,y70-79,3739852 
2022-01-31,1차,y70-79,3739852 
2022-01-30,1차,y70-79,3739850 
2022-01-29,1차,y70-79,3739849 
2022-01-28,1차,y70-79,3739788 
2022-01-27,1차,y70-79,3739585 
2022-01-26,1차,y70-79,3739401 
2022-01-25,1차,y70-79,3739249 
2022-01-24,1차,y70-79,3739007 
2022-01-23,1차,y70-79,3738731 
2022-01-22,1차,y70-79,3738728 
2022-01-21,1차,y70-79,3738693 
2022-01-20,1차,y70-79,3738451 
2022-01-19,1차,y70-79,3738201 
2022-01-18,1차,y70-79,3737961 
2022-01-17,1차,y70-79,3737677 
2022-01-16,1차,y70-79,3737277 
2022-01-15,1차,y70-79,3737269 
2022-01-14,1차,y70-79,3737196 
2022-01-13,1차,y70-79,3736805 
2022-01-12,1차,y70-79,3736434 
2022-01-11,1차,y70-79,3736061 
2022-01-10,1차,y70-79,3735558 
2022-01-09,1차,y70-79,3734898 
2022-01-08,1차,y70-79,3734894 
2022-01-07,1차,y70-79,3734846 
2022-01-06,1차,y70-79,3734442 
2022-01-05,1차,y70-79,3734081 
2022-01-04,1차,y70-79,3733637 
2022-01-02,1차,y70-79,3733113 
2022-01-01,1차,y70-79,3560716 
2021-12-31,1차,y70-79,3560692 
2021-12-30,1차,y70-79,3560013 
2021-12-29,1차,y70-79,3559247 
2021-12-28,1차,y70-79,3558443 
2021-12-26,1차,y70-79,3557496 
2021-12-25,1차,y70-79,3556497 
2021-12-24,1차,y70-79,3556459 
2021-12-23,1차,y70-79,3555357 
2021-12-22,1차,y70-79,3554109 
2021-12-21,1차,y70-79,3552643 
2021-12-19,1차,y70-79,3551115 
2021-12-18,1차,y70-79,3549463 
2021-12-17,1차,y70-79,3548984 
2021-12-16,1차,y70-79,3547376 
2021-12-15,1차,y70-79,3545839 
2021-12-14,1차,y70-79,3544256 
2021-12-12,1차,y70-79,3542739 
2021-12-11,1차,y70-79,3541486 
2021-12-10,1차,y70-79,3541213 
2021-12-09,1차,y70-79,3540171 
2021-12-08,1차,y70-79,3539186 
2021-12-07,1차,y70-79,3538240 
2021-12-06,1차,y70-79,3537379 
2021-12-05,1차,y70-79,3536569 
2021-12-04,1차,y70-79,3536564 
2021-12-03,1차,y70-79,3536334 
2021-12-02,1차,y70-79,3535489 
2021-12-01,1차,y70-79,3534871 
2021-11-30,1차,y70-79,3534212 
2021-11-29,1차,y70-79,3533534 
2021-11-28,1차,y70-79,3532776 
2021-11-27,1차,y70-79,3532774 
2021-11-26,1차,y70-79,3532569 
2021-11-25,1차,y70-79,3531796 
2021-11-24,1차,y70-79,3531129 
2021-11-23,1차,y70-79,3530488 
2021-11-22,1차,y70-79,3529926 
2021-11-21,1차,y70-79,3529318 
2021-11-20,1차,y70-79,3529309 
2021-11-19,1차,y70-79,3529135 
2021-11-18,1차,y70-79,3528517 
2021-11-17,1차,y70-79,3527942 
2021-11-16,1차,y70-79,3527335 
2021-11-15,1차,y70-79,3526644 
2021-11-14,1차,y70-79,3525910 
2021-11-13,1차,y70-79,3525899 
2021-11-12,1차,y70-79,3525699 
2021-11-11,1차,y70-79,3524974 
2021-11-10,1차,y70-79,3524339 
2021-11-09,1차,y70-79,3523677 
2021-11-08,1차,y70-79,3522917 
2021-11-07,1차,y70-79,3522199 
2021-11-06,1차,y70-79,3522193 
2021-11-05,1차,y70-79,3521962 
2021-11-04,1차,y70-79,3521186 
2021-11-03,1차,y70-79,3520542 
2021-11-02,1차,y70-79,3519821 
2021-11-01,1차,y70-79,3519033 
2021-10-31,1차,y70-79,3518268 
2022-02-17,1차,y80,2230912 
2022-02-16,1차,y80,2230560 
2022-02-15,1차,y80,2230225 
2022-02-14,1차,y80,2229830 
2022-02-13,1차,y80,2229530 
2022-02-12,1차,y80,2229530 
2022-02-11,1차,y80,2229473 
2022-02-10,1차,y80,2229265 
2022-02-09,1차,y80,2229054 
2022-02-08,1차,y80,2228857 
2022-02-07,1차,y80,2228666 
2022-02-06,1차,y80,2228434 
2022-02-05,1차,y80,2228431 
2022-02-04,1차,y80,2228363 
2022-02-03,1차,y80,2228156 
2022-02-02,1차,y80,2227873 
2022-02-01,1차,y80,2227874 
2022-01-31,1차,y80,2227874 
2022-01-30,1차,y80,2227871 
2022-01-29,1차,y80,2227870 
2022-01-28,1차,y80,2227863 
2022-01-27,1차,y80,2227657 
2022-01-26,1차,y80,2227455 
2022-01-25,1차,y80,2227241 
2022-01-24,1차,y80,2227072 
2022-01-23,1차,y80,2226772 
2022-01-22,1차,y80,2226769 
2022-01-21,1차,y80,2226787 
2022-01-20,1차,y80,2226555 
2022-01-19,1차,y80,2226335 
2022-01-18,1차,y80,2226148 
2022-01-17,1차,y80,2225965 
2022-01-16,1차,y80,2225565 
2022-01-15,1차,y80,2225561 
2022-01-14,1차,y80,2225595 
2022-01-13,1차,y80,2225340 
2022-01-12,1차,y80,2225051 
2022-01-11,1차,y80,2224856 
2022-01-10,1차,y80,2224623 
2022-01-09,1차,y80,2224132 
2022-01-08,1차,y80,2224143 
2022-01-07,1차,y80,2224300 
2022-01-06,1차,y80,2224197 
2022-01-05,1차,y80,2224120 
2022-01-04,1차,y80,2224071 
2022-01-02,1차,y80,2224095 
2022-01-01,1차,y80,1929885 
2021-12-31,1차,y80,1929873 
2021-12-30,1차,y80,1929334 
2021-12-29,1차,y80,1928631 
2021-12-28,1차,y80,1927784 
2021-12-26,1차,y80,1926824 
2021-12-25,1차,y80,1926010 
2021-12-24,1차,y80,1925984 
2021-12-23,1차,y80,1925082 
2021-12-22,1차,y80,1923828 
2021-12-21,1차,y80,1922435 
2021-12-19,1차,y80,1920914 
2021-12-18,1차,y80,1919442 
2021-12-17,1차,y80,1919121 
2021-12-16,1차,y80,1917752 
2021-12-15,1차,y80,1916288 
2021-12-14,1차,y80,1914868 
2021-12-12,1차,y80,1913492 
2021-12-11,1차,y80,1912406 
2021-12-10,1차,y80,1912160 
2021-12-09,1차,y80,1911135 
2021-12-08,1차,y80,1910117 
2021-12-07,1차,y80,1908968 
2021-12-06,1차,y80,1908074 
2021-12-05,1차,y80,1907427 
2021-12-04,1차,y80,1907422 
2021-12-03,1차,y80,1907247 
2021-12-02,1차,y80,1906560 
2021-12-01,1차,y80,1905900 
2021-11-30,1차,y80,1905278 
2021-11-29,1차,y80,1904650 
2021-11-28,1차,y80,1903829 
2021-11-27,1차,y80,1903817 
2021-11-26,1차,y80,1903622 
2021-11-25,1차,y80,1902749 
2021-11-24,1차,y80,1901886 
2021-11-23,1차,y80,1901105 
2021-11-22,1차,y80,1900441 
2021-11-21,1차,y80,1899933 
2021-11-20,1차,y80,1899929 
2021-11-19,1차,y80,1899769 
2021-11-18,1차,y80,1899187 
2021-11-17,1차,y80,1898614 
2021-11-16,1차,y80,1897997 
2021-11-15,1차,y80,1897389 
2021-11-14,1차,y80,1896865 
2021-11-13,1차,y80,1896858 
2021-11-12,1차,y80,1896684 
2021-11-11,1차,y80,1896134 
2021-11-10,1차,y80,1895661 
2021-11-09,1차,y80,1895066 
2021-11-08,1차,y80,1894511 
2021-11-07,1차,y80,1894029 
2021-11-06,1차,y80,1894026 
2021-11-05,1차,y80,1893877 
2021-11-04,1차,y80,1893325 
2021-11-03,1차,y80,1892882 
2021-11-02,1차,y80,1892314 
2021-11-01,1차,y80,1891748 
2021-10-31,1차,y80,1891254 
2022-02-17,완료,y12,0 
2022-02-16,완료,y12,0 
2022-02-15,완료,y12,0 
2022-02-14,완료,y12,0 
2022-02-13,완료,y12,0 
2022-02-12,완료,y12,0 
2022-02-11,완료,y12,0 
2022-02-10,완료,y12,0 
2022-02-09,완료,y12,0 
2022-02-08,완료,y12,0 
2022-02-07,완료,y12,0 
2022-02-06,완료,y12,0 
2022-02-05,완료,y12,0 
2022-02-04,완료,y12,0 
2022-02-03,완료,y12,0 
2022-02-02,완료,y12,0 
2022-02-01,완료,y12,0 
2022-01-31,완료,y12,0 
2022-01-30,완료,y12,0 
2022-01-29,완료,y12,0 
2022-01-28,완료,y12,0 
2022-01-27,완료,y12,0 
2022-01-26,완료,y12,0 
2022-01-25,완료,y12,0 
2022-01-24,완료,y12,0 
2022-01-23,완료,y12,0 
2022-01-22,완료,y12,0 
2022-01-21,완료,y12,0 
2022-01-20,완료,y12,0 
2022-01-19,완료,y12,0 
2022-01-18,완료,y12,0 
2022-01-17,완료,y12,0 
2022-01-16,완료,y12,0 
2022-01-15,완료,y12,0 
2022-01-14,완료,y12,0 
2022-01-13,완료,y12,0 
2022-01-12,완료,y12,0 
2022-01-11,완료,y12,0 
2022-01-10,완료,y12,0 
2022-01-09,완료,y12,0 
2022-01-08,완료,y12,0 
2022-01-07,완료,y12,0 
2022-01-06,완료,y12,0 
2022-01-05,완료,y12,0 
2022-01-04,완료,y12,0 
2022-01-02,완료,y12,0 
2022-01-01,완료,y12,0 
2021-12-31,완료,y12,0 
2021-12-30,완료,y12,0 
2021-12-29,완료,y12,0 
2021-12-28,완료,y12,0 
2021-12-26,완료,y12,0 
2021-12-25,완료,y12,0 
2021-12-24,완료,y12,0 
2021-12-23,완료,y12,0 
2021-12-22,완료,y12,0 
2021-12-21,완료,y12,0 
2021-12-19,완료,y12,0 
2021-12-18,완료,y12,0 
2021-12-17,완료,y12,0 
2021-12-16,완료,y12,0 
2021-12-15,완료,y12,0 
2021-12-14,완료,y12,0 
2021-12-12,완료,y12,0 
2021-12-11,완료,y12,0 
2021-12-10,완료,y12,0 
2021-12-09,완료,y12,0 
2021-12-08,완료,y12,0 
2021-12-07,완료,y12,0 
2021-12-06,완료,y12,0 
2021-12-05,완료,y12,0 
2021-12-04,완료,y12,0 
2021-12-03,완료,y12,0 
2021-12-02,완료,y12,0 
2021-12-01,완료,y12,0 
2021-11-30,완료,y12,0 
2021-11-29,완료,y12,0 
2021-11-28,완료,y12,0 
2021-11-27,완료,y12,0 
2021-11-26,완료,y12,0 
2021-11-25,완료,y12,0 
2021-11-24,완료,y12,0 
2021-11-23,완료,y12,0 
2021-11-22,완료,y12,0 
2021-11-21,완료,y12,0 
2021-11-20,완료,y12,0 
2021-11-19,완료,y12,0 
2021-11-18,완료,y12,0 
2021-11-17,완료,y12,0 
2021-11-16,완료,y12,0 
2021-11-15,완료,y12,0 
2021-11-14,완료,y12,0 
2021-11-13,완료,y12,0 
2021-11-12,완료,y12,0 
2021-11-11,완료,y12,0 
2021-11-10,완료,y12,0 
2021-11-09,완료,y12,0 
2021-11-08,완료,y12,0 
2021-11-07,완료,y12,0 
2021-11-06,완료,y12,0 
2021-11-05,완료,y12,0 
2021-11-04,완료,y12,0 
2021-11-03,완료,y12,0 
2021-11-02,완료,y12,0 
2021-11-01,완료,y12,0 
2021-10-31,완료,y12,0 
2022-02-17,완료,y12-17,1739685 
2022-02-16,완료,y12-17,1735803 
2022-02-15,완료,y12-17,1732119 
2022-02-14,완료,y12-17,1728083 
2022-02-13,완료,y12-17,1722853 
2022-02-12,완료,y12-17,1722628 
2022-02-11,완료,y12-17,1716354 
2022-02-10,완료,y12-17,1708095 
2022-02-09,완료,y12-17,1703082 
2022-02-08,완료,y12-17,1698681 
2022-02-07,완료,y12-17,1693625 
2022-02-06,완료,y12-17,1686537 
2022-02-05,완료,y12-17,1686185 
2022-02-04,완료,y12-17,1678039 
2022-02-03,완료,y12-17,1664479 
2022-02-02,완료,y12-17,1647082 
2022-02-01,완료,y12-17,1646834 
2022-01-31,완료,y12-17,1646792 
2022-01-30,완료,y12-17,1646499 
2022-01-29,완료,y12-17,1646017 
2022-01-28,완료,y12-17,1635558 
2022-01-27,완료,y12-17,1620424 
2022-01-26,완료,y12-17,1610964 
2022-01-25,완료,y12-17,1601719 
2022-01-24,완료,y12-17,1591728 
2022-01-23,완료,y12-17,1577170 
2022-01-22,완료,y12-17,1576474 
2022-01-21,완료,y12-17,1566885 
2022-01-20,완료,y12-17,1539122 
2022-01-19,완료,y12-17,1516508 
2022-01-18,완료,y12-17,1494288 
2022-01-17,완료,y12-17,1474324 
2022-01-16,완료,y12-17,1442516 
2022-01-15,완료,y12-17,1441038 
2022-01-14,완료,y12-17,1427357 
2022-01-13,완료,y12-17,1388285 
2022-01-12,완료,y12-17,1351812 
2022-01-11,완료,y12-17,1313756 
2022-01-10,완료,y12-17,1287318 
2022-01-09,완료,y12-17,1243166 
2022-01-08,완료,y12-17,1241618 
2022-01-07,완료,y12-17,1207799 
2022-01-06,완료,y12-17,1162321 
2022-01-05,완료,y12-17,1123172 
2022-01-04,완료,y12-17,1090682 
2022-01-02,완료,y12-17,1074377 
2022-01-01,완료,y12-17,1405077 
2021-12-31,완료,y12-17,1402711 
2021-12-30,완료,y12-17,1379524 
2021-12-29,완료,y12-17,1358765 
2021-12-28,완료,y12-17,1338211 
2021-12-26,완료,y12-17,1324099 
2021-12-25,완료,y12-17,1296387 
2021-12-24,완료,y12-17,1294936 
2021-12-23,완료,y12-17,1280750 
2021-12-22,완료,y12-17,1266314 
2021-12-21,완료,y12-17,1248859 
2021-12-19,완료,y12-17,1235769 
2021-12-18,완료,y12-17,1212371 
2021-12-17,완료,y12-17,1187141 
2021-12-16,완료,y12-17,1145478 
2021-12-15,완료,y12-17,1110236 
2021-12-14,완료,y12-17,1077235 
2021-12-12,완료,y12-17,1061435 
2021-12-11,완료,y12-17,1029602 
2021-12-10,완료,y12-17,1009447 
2021-12-09,완료,y12-17,973132 
2021-12-08,완료,y12-17,943706 
2021-12-07,완료,y12-17,916331 
2021-12-06,완료,y12-17,900549 
2021-12-05,완료,y12-17,864940 
2021-12-04,완료,y12-17,864086 
2021-12-03,완료,y12-17,825584 
2021-12-02,완료,y12-17,773142 
2021-12-01,완료,y12-17,734004 
2021-11-30,완료,y12-17,689458 
2021-11-29,완료,y12-17,666473 
2021-11-28,완료,y12-17,589369 
2021-11-27,완료,y12-17,588629 
2021-11-26,완료,y12-17,559243 
2021-11-25,완료,y12-17,517944 
2021-11-24,완료,y12-17,478301 
2021-11-23,완료,y12-17,442017 
2021-11-22,완료,y12-17,426556 
2021-11-21,완료,y12-17,373083 
2021-11-20,완료,y12-17,372202 
2021-11-19,완료,y12-17,354263 
2021-11-18,완료,y12-17,326419 
2021-11-17,완료,y12-17,297059 
2021-11-16,완료,y12-17,260439 
2021-11-15,완료,y12-17,247291 
2021-11-14,완료,y12-17,204749 
2021-11-13,완료,y12-17,203300 
2021-11-12,완료,y12-17,170315 
2021-11-11,완료,y12-17,133885 
2021-11-10,완료,y12-17,100270 
2021-11-09,완료,y12-17,61692 
2021-11-08,완료,y12-17,49911 
2021-11-07,완료,y12-17,16923 
2021-11-06,완료,y12-17,16919 
2021-11-05,완료,y12-17,16859 
2021-11-04,완료,y12-17,16757 
2021-11-03,완료,y12-17,16702 
2021-11-02,완료,y12-17,16660 
2021-11-01,완료,y12-17,16612 
2021-10-31,완료,y12-17,16557 
2022-02-17,완료,y18-29,7165833 
2022-02-16,완료,y18-29,7163332 
2022-02-15,완료,y18-29,7161009 
2022-02-14,완료,y18-29,7158441 
2022-02-13,완료,y18-29,7154825 
2022-02-12,완료,y18-29,7154686 
2022-02-11,완료,y18-29,7152941 
2022-02-10,완료,y18-29,7149530 
2022-02-09,완료,y18-29,7146834 
2022-02-08,완료,y18-29,7144154 
2022-02-07,완료,y18-29,7140806 
2022-02-06,완료,y18-29,7135600 
2022-02-05,완료,y18-29,7135404 
2022-02-04,완료,y18-29,7132601 
2022-02-03,완료,y18-29,7126230 
2022-02-02,완료,y18-29,7116577 
2022-02-01,완료,y18-29,7116428 
2022-01-31,완료,y18-29,7116383 
2022-01-30,완료,y18-29,7116091 
2022-01-29,완료,y18-29,7115787 
2022-01-28,완료,y18-29,7112127 
2022-01-27,완료,y18-29,7105812 
2022-01-26,완료,y18-29,7101173 
2022-01-25,완료,y18-29,7096577 
2022-01-24,완료,y18-29,7090875 
2022-01-23,완료,y18-29,7082100 
2022-01-22,완료,y18-29,7081710 
2022-01-21,완료,y18-29,7078613 
2022-01-20,완료,y18-29,7069629 
2022-01-19,완료,y18-29,7062668 
2022-01-18,완료,y18-29,7055178 
2022-01-17,완료,y18-29,7046603 
2022-01-16,완료,y18-29,7032016 
2022-01-15,완료,y18-29,7031282 
2022-01-14,완료,y18-29,7025640 
2022-01-13,완료,y18-29,7011432 
2022-01-12,완료,y18-29,6998867 
2022-01-11,완료,y18-29,6983896 
2022-01-10,완료,y18-29,6969337 
2022-01-09,완료,y18-29,6946359 
2022-01-08,완료,y18-29,6945261 
2022-01-07,완료,y18-29,6932609 
2022-01-06,완료,y18-29,6914697 
2022-01-05,완료,y18-29,6900532 
2022-01-04,완료,y18-29,6887301 
2022-01-02,완료,y18-29,6875366 
2022-01-01,완료,y18-29,7154914 
2021-12-31,완료,y18-29,7153283 
2021-12-30,완료,y18-29,7142024 
2021-12-29,완료,y18-29,7132486 
2021-12-28,완료,y18-29,7122020 
2021-12-26,완료,y18-29,7109617 
2021-12-25,완료,y18-29,7092746 
2021-12-24,완료,y18-29,7091312 
2021-12-23,완료,y18-29,7080938 
2021-12-22,완료,y18-29,7073041 
2021-12-21,완료,y18-29,7063925 
2021-12-19,완료,y18-29,7053340 
2021-12-18,완료,y18-29,7039077 
2021-12-17,완료,y18-29,7032462 
2021-12-16,완료,y18-29,7018091 
2021-12-15,완료,y18-29,7007005 
2021-12-14,완료,y18-29,6996245 
2021-12-12,완료,y18-29,6983393 
2021-12-11,완료,y18-29,6968616 
2021-12-10,완료,y18-29,6962469 
2021-12-09,완료,y18-29,6946182 
2021-12-08,완료,y18-29,6935410 
2021-12-07,완료,y18-29,6926414 
2021-12-06,완료,y18-29,6916102 
2021-12-05,완료,y18-29,6904042 
2021-12-04,완료,y18-29,6903575 
2021-12-03,완료,y18-29,6897632 
2021-12-02,완료,y18-29,6885010 
2021-12-01,완료,y18-29,6877348 
2021-11-30,완료,y18-29,6869708 
2021-11-29,완료,y18-29,6861135 
2021-11-28,완료,y18-29,6849536 
2021-11-27,완료,y18-29,6849111 
2021-11-26,완료,y18-29,6842182 
2021-11-25,완료,y18-29,6827421 
2021-11-24,완료,y18-29,6817672 
2021-11-23,완료,y18-29,6807945 
2021-11-22,완료,y18-29,6796981 
2021-11-21,완료,y18-29,6783250 
2021-11-20,완료,y18-29,6782704 
2021-11-19,완료,y18-29,6774791 
2021-11-18,완료,y18-29,6759079 
2021-11-17,완료,y18-29,6748316 
2021-11-16,완료,y18-29,6737270 
2021-11-15,완료,y18-29,6724636 
2021-11-14,완료,y18-29,6708212 
2021-11-13,완료,y18-29,6707406 
2021-11-12,완료,y18-29,6689137 
2021-11-11,완료,y18-29,6655735 
2021-11-10,완료,y18-29,6631474 
2021-11-09,완료,y18-29,6609357 
2021-11-08,완료,y18-29,6577618 
2021-11-07,완료,y18-29,6538020 
2021-11-06,완료,y18-29,6536044 
2021-11-05,완료,y18-29,6513233 
2021-11-04,완료,y18-29,6462575 
2021-11-03,완료,y18-29,6420023 
2021-11-02,완료,y18-29,6392392 
2021-11-01,완료,y18-29,6362470 
2021-10-31,완료,y18-29,6316998 
2022-02-17,완료,y30-39,6245029 
2022-02-16,완료,y30-39,6242993 
2022-02-15,완료,y30-39,6241249 
2022-02-14,완료,y30-39,6239203 
2022-02-13,완료,y30-39,6236130 
2022-02-12,완료,y30-39,6236033 
2022-02-11,완료,y30-39,6233859 
2022-02-10,완료,y30-39,6229898 
2022-02-09,완료,y30-39,6227172 
2022-02-08,완료,y30-39,6224599 
2022-02-07,완료,y30-39,6221431 
2022-02-06,완료,y30-39,6216485 
2022-02-05,완료,y30-39,6216288 
2022-02-04,완료,y30-39,6212762 
2022-02-03,완료,y30-39,6205303 
2022-02-02,완료,y30-39,6195652 
2022-02-01,완료,y30-39,6195493 
2022-01-31,완료,y30-39,6195453 
2022-01-30,완료,y30-39,6195173 
2022-01-29,완료,y30-39,6194928 
2022-01-28,완료,y30-39,6190802 
2022-01-27,완료,y30-39,6183590 
2022-01-26,완료,y30-39,6178885 
2022-01-25,완료,y30-39,6174652 
2022-01-24,완료,y30-39,6169553 
2022-01-23,완료,y30-39,6162373 
2022-01-22,완료,y30-39,6162027 
2022-01-21,완료,y30-39,6158841 
2022-01-20,완료,y30-39,6149796 
2022-01-19,완료,y30-39,6144084 
2022-01-18,완료,y30-39,6138655 
2022-01-17,완료,y30-39,6132101 
2022-01-16,완료,y30-39,6121786 
2022-01-15,완료,y30-39,6121189 
2022-01-14,완료,y30-39,6115453 
2022-01-13,완료,y30-39,6101095 
2022-01-12,완료,y30-39,6090741 
2022-01-11,완료,y30-39,6080227 
2022-01-10,완료,y30-39,6068515 
2022-01-09,완료,y30-39,6050994 
2022-01-08,완료,y30-39,6050075 
2022-01-07,완료,y30-39,6038658 
2022-01-06,완료,y30-39,6020850 
2022-01-05,완료,y30-39,6008624 
2022-01-04,완료,y30-39,5997403 
2022-01-02,완료,y30-39,5986634 
2022-01-01,완료,y30-39,6054788 
2021-12-31,완료,y30-39,6053345 
2021-12-30,완료,y30-39,6042599 
2021-12-29,완료,y30-39,6035514 
2021-12-28,완료,y30-39,6028365 
2021-12-26,완료,y30-39,6020236 
2021-12-25,완료,y30-39,6009057 
2021-12-24,완료,y30-39,6007920 
2021-12-23,완료,y30-39,5998798 
2021-12-22,완료,y30-39,5992934 
2021-12-21,완료,y30-39,5986878 
2021-12-19,완료,y30-39,5979754 
2021-12-18,완료,y30-39,5969927 
2021-12-17,완료,y30-39,5964616 
2021-12-16,완료,y30-39,5953377 
2021-12-15,완료,y30-39,5945428 
2021-12-14,완료,y30-39,5938548 
2021-12-12,완료,y30-39,5930531 
2021-12-11,완료,y30-39,5921143 
2021-12-10,완료,y30-39,5916390 
2021-12-09,완료,y30-39,5905662 
2021-12-08,완료,y30-39,5898397 
2021-12-07,완료,y30-39,5892001 
2021-12-06,완료,y30-39,5884775 
2021-12-05,완료,y30-39,5876349 
2021-12-04,완료,y30-39,5875975 
2021-12-03,완료,y30-39,5871212 
2021-12-02,완료,y30-39,5860642 
2021-12-01,완료,y30-39,5854719 
2021-11-30,완료,y30-39,5849493 
2021-11-29,완료,y30-39,5843366 
2021-11-28,완료,y30-39,5835511 
2021-11-27,완료,y30-39,5835193 
2021-11-26,완료,y30-39,5829830 
2021-11-25,완료,y30-39,5817830 
2021-11-24,완료,y30-39,5810624 
2021-11-23,완료,y30-39,5804315 
2021-11-22,완료,y30-39,5797243 
2021-11-21,완료,y30-39,5788233 
2021-11-20,완료,y30-39,5787880 
2021-11-19,완료,y30-39,5781678 
2021-11-18,완료,y30-39,5768253 
2021-11-17,완료,y30-39,5759810 
2021-11-16,완료,y30-39,5752361 
2021-11-15,완료,y30-39,5743667 
2021-11-14,완료,y30-39,5732008 
2021-11-13,완료,y30-39,5731503 
2021-11-12,완료,y30-39,5714578 
2021-11-11,완료,y30-39,5684360 
2021-11-10,완료,y30-39,5663840 
2021-11-09,완료,y30-39,5647948 
2021-11-08,완료,y30-39,5624606 
2021-11-07,완료,y30-39,5595252 
2021-11-06,완료,y30-39,5594052 
2021-11-05,완료,y30-39,5575047 
2021-11-04,완료,y30-39,5527459 
2021-11-03,완료,y30-39,5489696 
2021-11-02,완료,y30-39,5469939 
2021-11-01,완료,y30-39,5447985 
2021-10-31,완료,y30-39,5415965 
2022-02-17,완료,y40-49,7625051 
2022-02-16,완료,y40-49,7623709 
2022-02-15,완료,y40-49,7622398 
2022-02-14,완료,y40-49,7621083 
2022-02-13,완료,y40-49,7618848 
2022-02-12,완료,y40-49,7618798 
2022-02-11,완료,y40-49,7617580 
2022-02-10,완료,y40-49,7615201 
2022-02-09,완료,y40-49,7613365 
2022-02-08,완료,y40-49,7611641 
2022-02-07,완료,y40-49,7609373 
2022-02-06,완료,y40-49,7606031 
2022-02-05,완료,y40-49,7605926 
2022-02-04,완료,y40-49,7603750 
2022-02-03,완료,y40-49,7598705 
2022-02-02,완료,y40-49,7591237 
2022-02-01,완료,y40-49,7591145 
2022-01-31,완료,y40-49,7591126 
2022-01-30,완료,y40-49,7590984 
2022-01-29,완료,y40-49,7590816 
2022-01-28,완료,y40-49,7588147 
2022-01-27,완료,y40-49,7583594 
2022-01-26,완료,y40-49,7580415 
2022-01-25,완료,y40-49,7577374 
2022-01-24,완료,y40-49,7573459 
2022-01-23,완료,y40-49,7568118 
2022-01-22,완료,y40-49,7567880 
2022-01-21,완료,y40-49,7566001 
2022-01-20,완료,y40-49,7559802 
2022-01-19,완료,y40-49,7555798 
2022-01-18,완료,y40-49,7551579 
2022-01-17,완료,y40-49,7546515 
2022-01-16,완료,y40-49,7539047 
2022-01-15,완료,y40-49,7538699 
2022-01-14,완료,y40-49,7534854 
2022-01-13,완료,y40-49,7524439 
2022-01-12,완료,y40-49,7516884 
2022-01-11,완료,y40-49,7508799 
2022-01-10,완료,y40-49,7499908 
2022-01-09,완료,y40-49,7487035 
2022-01-08,완료,y40-49,7486511 
2022-01-07,완료,y40-49,7478644 
2022-01-06,완료,y40-49,7466160 
2022-01-05,완료,y40-49,7457253 
2022-01-04,완료,y40-49,7448660 
2022-01-02,완료,y40-49,7440355 
2022-01-01,완료,y40-49,7520930 
2021-12-31,완료,y40-49,7520100 
2021-12-30,완료,y40-49,7512780 
2021-12-29,완료,y40-49,7507714 
2021-12-28,완료,y40-49,7502577 
2021-12-26,완료,y40-49,7496954 
2021-12-25,완료,y40-49,7489382 
2021-12-24,완료,y40-49,7488676 
2021-12-23,완료,y40-49,7482311 
2021-12-22,완료,y40-49,7477994 
2021-12-21,완료,y40-49,7473543 
2021-12-19,완료,y40-49,7468260 
2021-12-18,완료,y40-49,7461163 
2021-12-17,완료,y40-49,7457453 
2021-12-16,완료,y40-49,7449448 
2021-12-15,완료,y40-49,7443959 
2021-12-14,완료,y40-49,7438784 
2021-12-12,완료,y40-49,7432631 
2021-12-11,완료,y40-49,7425979 
2021-12-10,완료,y40-49,7422791 
2021-12-09,완료,y40-49,7415509 
2021-12-08,완료,y40-49,7410784 
2021-12-07,완료,y40-49,7406264 
2021-12-06,완료,y40-49,7401180 
2021-12-05,완료,y40-49,7395377 
2021-12-04,완료,y40-49,7395165 
2021-12-03,완료,y40-49,7391841 
2021-12-02,완료,y40-49,7384540 
2021-12-01,완료,y40-49,7380401 
2021-11-30,완료,y40-49,7376344 
2021-11-29,완료,y40-49,7371501 
2021-11-28,완료,y40-49,7365933 
2021-11-27,완료,y40-49,7365759 
2021-11-26,완료,y40-49,7361889 
2021-11-25,완료,y40-49,7353375 
2021-11-24,완료,y40-49,7348325 
2021-11-23,완료,y40-49,7343504 
2021-11-22,완료,y40-49,7338028 
2021-11-21,완료,y40-49,7331567 
2021-11-20,완료,y40-49,7331313 
2021-11-19,완료,y40-49,7326515 
2021-11-18,완료,y40-49,7316641 
2021-11-17,완료,y40-49,7310558 
2021-11-16,완료,y40-49,7304484 
2021-11-15,완료,y40-49,7297505 
2021-11-14,완료,y40-49,7288387 
2021-11-13,완료,y40-49,7287989 
2021-11-12,완료,y40-49,7273083 
2021-11-11,완료,y40-49,7248467 
2021-11-10,완료,y40-49,7232815 
2021-11-09,완료,y40-49,7218232 
2021-11-08,완료,y40-49,7194949 
2021-11-07,완료,y40-49,7166850 
2021-11-06,완료,y40-49,7165947 
2021-11-05,완료,y40-49,7146888 
2021-11-04,완료,y40-49,7099996 
2021-11-03,완료,y40-49,7065864 
2021-11-02,완료,y40-49,7046142 
2021-11-01,완료,y40-49,7022488 
2021-10-31,완료,y40-49,6988379 
2022-02-17,완료,y50-59,8366145 
2022-02-16,완료,y50-59,8365138 
2022-02-15,완료,y50-59,8364174 
2022-02-14,완료,y50-59,8363073 
2022-02-13,완료,y50-59,8361462 
2022-02-12,완료,y50-59,8361427 
2022-02-11,완료,y50-59,8360706 
2022-02-10,완료,y50-59,8359022 
2022-02-09,완료,y50-59,8357678 
2022-02-08,완료,y50-59,8356326 
2022-02-07,완료,y50-59,8354579 
2022-02-06,완료,y50-59,8351974 
2022-02-05,완료,y50-59,8351915 
2022-02-04,완료,y50-59,8350639 
2022-02-03,완료,y50-59,8347173 
2022-02-02,완료,y50-59,8341057 
2022-02-01,완료,y50-59,8341016 
2022-01-31,완료,y50-59,8341009 
2022-01-30,완료,y50-59,8340939 
2022-01-29,완료,y50-59,8340848 
2022-01-28,완료,y50-59,8339310 
2022-01-27,완료,y50-59,8336322 
2022-01-26,완료,y50-59,8334022 
2022-01-25,완료,y50-59,8331713 
2022-01-24,완료,y50-59,8328744 
2022-01-23,완료,y50-59,8324929 
2022-01-22,완료,y50-59,8324830 
2022-01-21,완료,y50-59,8323866 
2022-01-20,완료,y50-59,8319810 
2022-01-19,완료,y50-59,8316856 
2022-01-18,완료,y50-59,8313743 
2022-01-17,완료,y50-59,8309967 
2022-01-16,완료,y50-59,8304642 
2022-01-15,완료,y50-59,8304471 
2022-01-14,완료,y50-59,8302496 
2022-01-13,완료,y50-59,8295959 
2022-01-12,완료,y50-59,8290650 
2022-01-11,완료,y50-59,8284849 
2022-01-10,완료,y50-59,8278222 
2022-01-09,완료,y50-59,8269631 
2022-01-08,완료,y50-59,8269360 
2022-01-07,완료,y50-59,8265076 
2022-01-06,완료,y50-59,8257589 
2022-01-05,완료,y50-59,8251402 
2022-01-04,완료,y50-59,8245318 
2022-01-02,완료,y50-59,8239786 
2022-01-01,완료,y50-59,8234366 
2021-12-31,완료,y50-59,8234101 
2021-12-30,완료,y50-59,8229664 
2021-12-29,완료,y50-59,8226388 
2021-12-28,완료,y50-59,8223042 
2021-12-26,완료,y50-59,8219234 
2021-12-25,완료,y50-59,8214706 
2021-12-24,완료,y50-59,8214441 
2021-12-23,완료,y50-59,8210359 
2021-12-22,완료,y50-59,8207265 
2021-12-21,완료,y50-59,8203900 
2021-12-19,완료,y50-59,8200069 
2021-12-18,완료,y50-59,8195542 
2021-12-17,완료,y50-59,8193732 
2021-12-16,완료,y50-59,8188871 
2021-12-15,완료,y50-59,8185108 
2021-12-14,완료,y50-59,8181415 
2021-12-12,완료,y50-59,8177157 
2021-12-11,완료,y50-59,8173069 
2021-12-10,완료,y50-59,8171555 
2021-12-09,완료,y50-59,8167106 
2021-12-08,완료,y50-59,8164029 
2021-12-07,완료,y50-59,8161019 
2021-12-06,완료,y50-59,8157649 
2021-12-05,완료,y50-59,8154420 
2021-12-04,완료,y50-59,8154327 
2021-12-03,완료,y50-59,8152749 
2021-12-02,완료,y50-59,8148186 
2021-12-01,완료,y50-59,8145525 
2021-11-30,완료,y50-59,8142481 
2021-11-29,완료,y50-59,8138860 
2021-11-28,완료,y50-59,8135551 
2021-11-27,완료,y50-59,8135458 
2021-11-26,완료,y50-59,8133545 
2021-11-25,완료,y50-59,8128160 
2021-11-24,완료,y50-59,8124981 
2021-11-23,완료,y50-59,8121810 
2021-11-22,완료,y50-59,8118141 
2021-11-21,완료,y50-59,8114135 
2021-11-20,완료,y50-59,8114031 
2021-11-19,완료,y50-59,8111387 
2021-11-18,완료,y50-59,8105392 
2021-11-17,완료,y50-59,8101662 
2021-11-16,완료,y50-59,8097687 
2021-11-15,완료,y50-59,8093151 
2021-11-14,완료,y50-59,8087078 
2021-11-13,완료,y50-59,8086854 
2021-11-12,완료,y50-59,8073747 
2021-11-11,완료,y50-59,8057156 
2021-11-10,완료,y50-59,8048024 
2021-11-09,완료,y50-59,8037704 
2021-11-08,완료,y50-59,8015836 
2021-11-07,완료,y50-59,7994903 
2021-11-06,완료,y50-59,7994614 
2021-11-05,완료,y50-59,7990583 
2021-11-04,완료,y50-59,7980908 
2021-11-03,완료,y50-59,7974725 
2021-11-02,완료,y50-59,7968629 
2021-11-01,완료,y50-59,7960628 
2021-10-31,완료,y50-59,7953476 
2022-02-17,완료,y60-69,7199155 
2022-02-16,완료,y60-69,7198573 
2022-02-15,완료,y60-69,7197959 
2022-02-14,완료,y60-69,7197289 
2022-02-13,완료,y60-69,7196438 
2022-02-12,완료,y60-69,7196429 
2022-02-11,완료,y60-69,7196110 
2022-02-10,완료,y60-69,7195117 
2022-02-09,완료,y60-69,7194210 
2022-02-08,완료,y60-69,7193372 
2022-02-07,완료,y60-69,7192246 
2022-02-06,완료,y60-69,7190764 
2022-02-05,완료,y60-69,7190733 
2022-02-04,완료,y60-69,7190119 
2022-02-03,완료,y60-69,7188069 
2022-02-02,완료,y60-69,7184201 
2022-02-01,완료,y60-69,7184180 
2022-01-31,완료,y60-69,7184168 
2022-01-30,완료,y60-69,7184144 
2022-01-29,완료,y60-69,7184113 
2022-01-28,완료,y60-69,7183414 
2022-01-27,완료,y60-69,7181689 
2022-01-26,완료,y60-69,7180169 
2022-01-25,완료,y60-69,7178616 
2022-01-24,완료,y60-69,7176553 
2022-01-23,완료,y60-69,7174147 
2022-01-22,완료,y60-69,7174100 
2022-01-21,완료,y60-69,7173722 
2022-01-20,완료,y60-69,7171173 
2022-01-19,완료,y60-69,7169125 
2022-01-18,완료,y60-69,7167001 
2022-01-17,완료,y60-69,7164398 
2022-01-16,완료,y60-69,7161142 
2022-01-15,완료,y60-69,7161075 
2022-01-14,완료,y60-69,7160324 
2022-01-13,완료,y60-69,7156471 
2022-01-12,완료,y60-69,7152889 
2022-01-11,완료,y60-69,7149110 
2022-01-10,완료,y60-69,7145036 
2022-01-09,완료,y60-69,7139932 
2022-01-08,완료,y60-69,7139832 
2022-01-07,완료,y60-69,7137791 
2022-01-06,완료,y60-69,7133030 
2022-01-05,완료,y60-69,7128944 
2022-01-04,완료,y60-69,7125090 
2022-01-02,완료,y60-69,7121515 
2022-01-01,완료,y60-69,6826961 
2021-12-31,완료,y60-69,6826868 
2021-12-30,완료,y60-69,6824287 
2021-12-29,완료,y60-69,6822195 
2021-12-28,완료,y60-69,6820065 
2021-12-26,완료,y60-69,6817712 
2021-12-25,완료,y60-69,6815349 
2021-12-24,완료,y60-69,6815242 
2021-12-23,완료,y60-69,6812918 
2021-12-22,완료,y60-69,6810969 
2021-12-21,완료,y60-69,6808956 
2021-12-19,완료,y60-69,6806586 
2021-12-18,완료,y60-69,6804105 
2021-12-17,완료,y60-69,6803415 
2021-12-16,완료,y60-69,6800526 
2021-12-15,완료,y60-69,6798304 
2021-12-14,완료,y60-69,6795919 
2021-12-12,완료,y60-69,6793423 
2021-12-11,완료,y60-69,6790938 
2021-12-10,완료,y60-69,6790193 
2021-12-09,완료,y60-69,6787182 
2021-12-08,완료,y60-69,6785187 
2021-12-07,완료,y60-69,6783198 
2021-12-06,완료,y60-69,6780954 
2021-12-05,완료,y60-69,6779022 
2021-12-04,완료,y60-69,6778989 
2021-12-03,완료,y60-69,6778302 
2021-12-02,완료,y60-69,6775486 
2021-12-01,완료,y60-69,6773731 
2021-11-30,완료,y60-69,6771776 
2021-11-29,완료,y60-69,6769457 
2021-11-28,완료,y60-69,6767513 
2021-11-27,완료,y60-69,6767458 
2021-11-26,완료,y60-69,6766628 
2021-11-25,완료,y60-69,6763268 
2021-11-24,완료,y60-69,6761228 
2021-11-23,완료,y60-69,6759182 
2021-11-22,완료,y60-69,6756977 
2021-11-21,완료,y60-69,6754866 
2021-11-20,완료,y60-69,6754836 
2021-11-19,완료,y60-69,6753838 
2021-11-18,완료,y60-69,6750632 
2021-11-17,완료,y60-69,6748501 
2021-11-16,완료,y60-69,6746154 
2021-11-15,완료,y60-69,6743631 
2021-11-14,완료,y60-69,6740702 
2021-11-13,완료,y60-69,6740647 
2021-11-12,완료,y60-69,6736432 
2021-11-11,완료,y60-69,6728842 
2021-11-10,완료,y60-69,6724596 
2021-11-09,완료,y60-69,6719428 
2021-11-08,완료,y60-69,6708298 
2021-11-07,완료,y60-69,6699117 
2021-11-06,완료,y60-69,6699006 
2021-11-05,완료,y60-69,6697613 
2021-11-04,완료,y60-69,6692937 
2021-11-03,완료,y60-69,6689791 
2021-11-02,완료,y60-69,6686610 
2021-11-01,완료,y60-69,6682085 
2021-10-31,완료,y60-69,6678745 
2022-02-17,완료,y70-79,3723716 
2022-02-16,완료,y70-79,3723473 
2022-02-15,완료,y70-79,3723238 
2022-02-14,완료,y70-79,3722948 
2022-02-13,완료,y70-79,3722630 
2022-02-12,완료,y70-79,3722626 
2022-02-11,완료,y70-79,3722518 
2022-02-10,완료,y70-79,3722165 
2022-02-09,완료,y70-79,3721784 
2022-02-08,완료,y70-79,3721416 
2022-02-07,완료,y70-79,3720919 
2022-02-06,완료,y70-79,3720425 
2022-02-05,완료,y70-79,3720422 
2022-02-04,완료,y70-79,3720228 
2022-02-03,완료,y70-79,3719513 
2022-02-02,완료,y70-79,3718248 
2022-02-01,완료,y70-79,3718242 
2022-01-31,완료,y70-79,3718240 
2022-01-30,완료,y70-79,3718232 
2022-01-29,완료,y70-79,3718223 
2022-01-28,완료,y70-79,3718079 
2022-01-27,완료,y70-79,3717556 
2022-01-26,완료,y70-79,3717027 
2022-01-25,완료,y70-79,3716409 
2022-01-24,완료,y70-79,3715650 
2022-01-23,완료,y70-79,3714864 
2022-01-22,완료,y70-79,3714856 
2022-01-21,완료,y70-79,3714772 
2022-01-20,완료,y70-79,3713997 
2022-01-19,완료,y70-79,3713187 
2022-01-18,완료,y70-79,3712414 
2022-01-17,완료,y70-79,3711475 
2022-01-16,완료,y70-79,3710407 
2022-01-15,완료,y70-79,3710399 
2022-01-14,완료,y70-79,3710260 
2022-01-13,완료,y70-79,3709076 
2022-01-12,완료,y70-79,3707771 
2022-01-11,완료,y70-79,3706416 
2022-01-10,완료,y70-79,3704950 
2022-01-09,완료,y70-79,3703314 
2022-01-08,완료,y70-79,3703307 
2022-01-07,완료,y70-79,3702896 
2022-01-06,완료,y70-79,3701330 
2022-01-05,완료,y70-79,3699933 
2022-01-04,완료,y70-79,3698565 
2022-01-02,완료,y70-79,3697370 
2022-01-01,완료,y70-79,3520960 
2021-12-31,완료,y70-79,3520933 
2021-12-30,완료,y70-79,3519925 
2021-12-29,완료,y70-79,3518953 
2021-12-28,완료,y70-79,3518005 
2021-12-26,완료,y70-79,3516957 
2021-12-25,완료,y70-79,3516041 
2021-12-24,완료,y70-79,3516014 
2021-12-23,완료,y70-79,3515001 
2021-12-22,완료,y70-79,3514092 
2021-12-21,완료,y70-79,3513215 
2021-12-19,완료,y70-79,3512153 
2021-12-18,완료,y70-79,3511190 
2021-12-17,완료,y70-79,3510992 
2021-12-16,완료,y70-79,3509834 
2021-12-15,완료,y70-79,3508939 
2021-12-14,완료,y70-79,3508026 
2021-12-12,완료,y70-79,3507004 
2021-12-11,완료,y70-79,3506153 
2021-12-10,완료,y70-79,3505919 
2021-12-09,완료,y70-79,3504694 
2021-12-08,완료,y70-79,3503827 
2021-12-07,완료,y70-79,3502934 
2021-12-06,완료,y70-79,3502010 
2021-12-05,완료,y70-79,3501291 
2021-12-04,완료,y70-79,3501284 
2021-12-03,완료,y70-79,3501061 
2021-12-02,완료,y70-79,3499896 
2021-12-01,완료,y70-79,3499108 
2021-11-30,완료,y70-79,3498327 
2021-11-29,완료,y70-79,3497372 
2021-11-28,완료,y70-79,3496662 
2021-11-27,완료,y70-79,3496649 
2021-11-26,완료,y70-79,3496379 
2021-11-25,완료,y70-79,3495084 
2021-11-24,완료,y70-79,3494161 
2021-11-23,완료,y70-79,3493304 
2021-11-22,완료,y70-79,3492428 
2021-11-21,완료,y70-79,3491677 
2021-11-20,완료,y70-79,3491668 
2021-11-19,완료,y70-79,3491381 
2021-11-18,완료,y70-79,3490279 
2021-11-17,완료,y70-79,3489394 
2021-11-16,완료,y70-79,3488443 
2021-11-15,완료,y70-79,3487485 
2021-11-14,완료,y70-79,3486443 
2021-11-13,완료,y70-79,3486431 
2021-11-12,완료,y70-79,3485591 
2021-11-11,완료,y70-79,3483536 
2021-11-10,완료,y70-79,3482130 
2021-11-09,완료,y70-79,3480425 
2021-11-08,완료,y70-79,3476728 
2021-11-07,완료,y70-79,3474109 
2021-11-06,완료,y70-79,3474099 
2021-11-05,완료,y70-79,3473796 
2021-11-04,완료,y70-79,3472352 
2021-11-03,완료,y70-79,3471266 
2021-11-02,완료,y70-79,3470133 
2021-11-01,완료,y70-79,3468707 
2021-10-31,완료,y70-79,3467768 
2022-02-17,완료,y80,2208335 
2022-02-16,완료,y80,2208054 
2022-02-15,완료,y80,2207736 
2022-02-14,완료,y80,2207430 
2022-02-13,완료,y80,2207141 
2022-02-12,완료,y80,2207137 
2022-02-11,완료,y80,2207025 
2022-02-10,완료,y80,2206686 
2022-02-09,완료,y80,2206264 
2022-02-08,완료,y80,2205827 
2022-02-07,완료,y80,2205318 
2022-02-06,완료,y80,2204897 
2022-02-05,완료,y80,2204895 
2022-02-04,완료,y80,2204736 
2022-02-03,완료,y80,2204136 
2022-02-02,완료,y80,2203075 
2022-02-01,완료,y80,2203071 
2022-01-31,완료,y80,2203070 
2022-01-30,완료,y80,2203066 
2022-01-29,완료,y80,2203062 
2022-01-28,완료,y80,2202982 
2022-01-27,완료,y80,2202507 
2022-01-26,완료,y80,2201977 
2022-01-25,완료,y80,2201355 
2022-01-24,완료,y80,2200606 
2022-01-23,완료,y80,2199984 
2022-01-22,완료,y80,2199974 
2022-01-21,완료,y80,2199976 
2022-01-20,완료,y80,2199239 
2022-01-19,완료,y80,2198405 
2022-01-18,완료,y80,2197592 
2022-01-17,완료,y80,2196745 
2022-01-16,완료,y80,2195878 
2022-01-15,완료,y80,2195873 
2022-01-14,완료,y80,2195904 
2022-01-13,완료,y80,2194855 
2022-01-12,완료,y80,2193744 
2022-01-11,완료,y80,2192635 
2022-01-10,완료,y80,2191355 
2022-01-09,완료,y80,2190019 
2022-01-08,완료,y80,2190022 
2022-01-07,완료,y80,2189898 
2022-01-06,완료,y80,2188806 
2022-01-05,완료,y80,2187663 
2022-01-04,완료,y80,2186739 
2022-01-02,완료,y80,2186093 
2022-01-01,완료,y80,1883619 
2021-12-31,완료,y80,1883599 
2021-12-30,완료,y80,1882713 
2021-12-29,완료,y80,1881721 
2021-12-28,완료,y80,1880705 
2021-12-26,완료,y80,1879616 
2021-12-25,완료,y80,1878892 
2021-12-24,완료,y80,1878874 
2021-12-23,완료,y80,1878064 
2021-12-22,완료,y80,1877209 
2021-12-21,완료,y80,1876404 
2021-12-19,완료,y80,1875401 
2021-12-18,완료,y80,1874660 
2021-12-17,완료,y80,1874496 
2021-12-16,완료,y80,1873440 
2021-12-15,완료,y80,1872557 
2021-12-14,완료,y80,1871710 
2021-12-12,완료,y80,1870872 
2021-12-11,완료,y80,1870236 
2021-12-10,완료,y80,1870062 
2021-12-09,완료,y80,1869128 
2021-12-08,완료,y80,1868405 
2021-12-07,완료,y80,1867685 
2021-12-06,완료,y80,1866987 
2021-12-05,완료,y80,1866447 
2021-12-04,완료,y80,1866446 
2021-12-03,완료,y80,1866290 
2021-12-02,완료,y80,1865446 
2021-12-01,완료,y80,1864784 
2021-11-30,완료,y80,1864068 
2021-11-29,완료,y80,1863251 
2021-11-28,완료,y80,1862678 
2021-11-27,완료,y80,1862667 
2021-11-26,완료,y80,1862510 
2021-11-25,완료,y80,1861466 
2021-11-24,완료,y80,1860629 
2021-11-23,완료,y80,1859881 
2021-11-22,완료,y80,1859226 
2021-11-21,완료,y80,1858722 
2021-11-20,완료,y80,1858719 
2021-11-19,완료,y80,1858523 
2021-11-18,완료,y80,1857749 
2021-11-17,완료,y80,1857086 
2021-11-16,완료,y80,1856381 
2021-11-15,완료,y80,1855658 
2021-11-14,완료,y80,1855004 
2021-11-13,완료,y80,1855001 
2021-11-12,완료,y80,1854527 
2021-11-11,완료,y80,1853412 
2021-11-10,완료,y80,1852431 
2021-11-09,완료,y80,1851248 
2021-11-08,완료,y80,1848863 
2021-11-07,완료,y80,1847316 
2021-11-06,완료,y80,1847315 
2021-11-05,완료,y80,1847105 
2021-11-04,완료,y80,1846301 
2021-11-03,완료,y80,1845512 
2021-11-02,완료,y80,1844727 
2021-11-01,완료,y80,1843747 
2021-10-31,완료,y80,1843314 
2022-02-17,3차,y12,0 
2022-02-16,3차,y12,0 
2022-02-15,3차,y12,0 
2022-02-14,3차,y12,0 
2022-02-13,3차,y12,0 
2022-02-12,3차,y12,0 
2022-02-11,3차,y12,0 
2022-02-10,3차,y12,0 
2022-02-09,3차,y12,0 
2022-02-08,3차,y12,0 
2022-02-07,3차,y12,0 
2022-02-06,3차,y12,0 
2022-02-05,3차,y12,0 
2022-02-04,3차,y12,0 
2022-02-03,3차,y12,0 
2022-02-02,3차,y12,0 
2022-02-01,3차,y12,0 
2022-01-31,3차,y12,0 
2022-01-30,3차,y12,0 
2022-01-29,3차,y12,0 
2022-01-28,3차,y12,0 
2022-01-27,3차,y12,0 
2022-01-26,3차,y12,0 
2022-01-25,3차,y12,0 
2022-01-24,3차,y12,0 
2022-01-23,3차,y12,0 
2022-01-22,3차,y12,0 
2022-01-21,3차,y12,0 
2022-01-20,3차,y12,0 
2022-01-19,3차,y12,0 
2022-01-18,3차,y12,0 
2022-01-17,3차,y12,0 
2022-01-16,3차,y12,0 
2022-01-15,3차,y12,0 
2022-01-14,3차,y12,0 
2022-01-13,3차,y12,0 
2022-01-12,3차,y12,0 
2022-01-11,3차,y12,0 
2022-01-10,3차,y12,0 
2022-01-09,3차,y12,0 
2022-01-08,3차,y12,0 
2022-01-07,3차,y12,0 
2022-01-06,3차,y12,0 
2022-01-05,3차,y12,0 
2022-01-04,3차,y12,0 
2022-01-02,3차,y12,0 
2022-01-01,3차,y12,0 
2021-12-31,3차,y12,0 
2021-12-30,3차,y12,0 
2021-12-29,3차,y12,0 
2021-12-28,3차,y12,0 
2021-12-26,3차,y12,0 
2021-12-25,3차,y12,0 
2021-12-24,3차,y12,0 
2021-12-23,3차,y12,0 
2021-12-22,3차,y12,0 
2021-12-21,3차,y12,0 
2021-12-19,3차,y12,0 
2021-12-18,3차,y12,0 
2021-12-17,3차,y12,0 
2021-12-16,3차,y12,0 
2021-12-15,3차,y12,0 
2021-12-14,3차,y12,0 
2021-12-12,3차,y12,0 
2021-12-11,3차,y12,0 
2021-12-10,3차,y12,0 
2021-12-09,3차,y12,0 
2021-12-08,3차,y12,0 
2021-12-07,3차,y12,0 
2021-12-06,3차,y12,0 
2021-12-05,3차,y12,0 
2021-12-04,3차,y12,0 
2021-12-03,3차,y12,0 
2021-12-02,3차,y12,0 
2021-12-01,3차,y12,0 
2022-02-17,3차,y12-17,0 
2022-02-16,3차,y12-17,0 
2022-02-15,3차,y12-17,0 
2022-02-14,3차,y12-17,0 
2022-02-13,3차,y12-17,0 
2022-02-12,3차,y12-17,0 
2022-02-11,3차,y12-17,0 
2022-02-10,3차,y12-17,0 
2022-02-09,3차,y12-17,0 
2022-02-08,3차,y12-17,0 
2022-02-07,3차,y12-17,0 
2022-02-06,3차,y12-17,0 
2022-02-05,3차,y12-17,0 
2022-02-04,3차,y12-17,0 
2022-02-03,3차,y12-17,0 
2022-02-02,3차,y12-17,0 
2022-02-01,3차,y12-17,0 
2022-01-31,3차,y12-17,0 
2022-01-30,3차,y12-17,0 
2022-01-29,3차,y12-17,0 
2022-01-28,3차,y12-17,0 
2022-01-27,3차,y12-17,0 
2022-01-26,3차,y12-17,0 
2022-01-25,3차,y12-17,0 
2022-01-24,3차,y12-17,0 
2022-01-23,3차,y12-17,0 
2022-01-22,3차,y12-17,0 
2022-01-21,3차,y12-17,0 
2022-01-20,3차,y12-17,0 
2022-01-19,3차,y12-17,0 
2022-01-18,3차,y12-17,0 
2022-01-17,3차,y12-17,0 
2022-01-16,3차,y12-17,0 
2022-01-15,3차,y12-17,0 
2022-01-14,3차,y12-17,0 
2022-01-13,3차,y12-17,0 
2022-01-12,3차,y12-17,0 
2022-01-11,3차,y12-17,0 
2022-01-10,3차,y12-17,0 
2022-01-09,3차,y12-17,0 
2022-01-08,3차,y12-17,0 
2022-01-07,3차,y12-17,0 
2022-01-06,3차,y12-17,0 
2022-01-05,3차,y12-17,0 
2022-01-04,3차,y12-17,0 
2022-01-02,3차,y12-17,0 
2022-01-01,3차,y12-17,0 
2021-12-31,3차,y12-17,0 
2021-12-30,3차,y12-17,0 
2021-12-29,3차,y12-17,0 
2021-12-28,3차,y12-17,0 
2021-12-26,3차,y12-17,0 
2021-12-25,3차,y12-17,0 
2021-12-24,3차,y12-17,0 
2021-12-23,3차,y12-17,0 
2021-12-22,3차,y12-17,0 
2021-12-21,3차,y12-17,0 
2021-12-19,3차,y12-17,0 
2021-12-18,3차,y12-17,0 
2021-12-17,3차,y12-17,0 
2021-12-16,3차,y12-17,0 
2021-12-15,3차,y12-17,0 
2021-12-14,3차,y12-17,0 
2021-12-12,3차,y12-17,0 
2021-12-11,3차,y12-17,0 
2021-12-10,3차,y12-17,0 
2021-12-09,3차,y12-17,0 
2021-12-08,3차,y12-17,0 
2021-12-07,3차,y12-17,0 
2021-12-06,3차,y12-17,0 
2021-12-05,3차,y12-17,0 
2021-12-04,3차,y12-17,0 
2021-12-03,3차,y12-17,0 
2021-12-02,3차,y12-17,0 
2021-12-01,3차,y12-17,0 
2022-02-17,3차,y18-29,3602770 
2022-02-16,3차,y18-29,3560527 
2022-02-15,3차,y18-29,3526792 
2022-02-14,3차,y18-29,3490076 
2022-02-13,3차,y18-29,3432070 
2022-02-12,3차,y18-29,3429018 
2022-02-11,3차,y18-29,3386960 
2022-02-10,3차,y18-29,3321155 
2022-02-09,3차,y18-29,3273623 
2022-02-08,3차,y18-29,3236471 
2022-02-07,3차,y18-29,3196257 
2022-02-06,3차,y18-29,3123987 
2022-02-05,3차,y18-29,3119627 
2022-02-04,3차,y18-29,3068462 
2022-02-03,3차,y18-29,2990042 
2022-02-02,3차,y18-29,2902478 
2022-02-01,3차,y18-29,2898502 
2022-01-31,3차,y18-29,2897552 
2022-01-30,3차,y18-29,2889608 
2022-01-29,3차,y18-29,2881946 
2022-01-28,3차,y18-29,2796882 
2022-01-27,3차,y18-29,2677790 
2022-01-26,3차,y18-29,2600798 
2022-01-25,3차,y18-29,2540208 
2022-01-24,3차,y18-29,2484246 
2022-01-23,3차,y18-29,2407635 
2022-01-22,3차,y18-29,2403631 
2022-01-21,3차,y18-29,2350317 
2022-01-20,3차,y18-29,2264858 
2022-01-19,3차,y18-29,2210416 
2022-01-18,3차,y18-29,2168941 
2022-01-17,3차,y18-29,2120860 
2022-01-16,3차,y18-29,2035019 
2022-01-15,3차,y18-29,2030399 
2022-01-14,3차,y18-29,1973178 
2022-01-13,3차,y18-29,1882583 
2022-01-12,3차,y18-29,1823719 
2022-01-11,3차,y18-29,1774852 
2022-01-10,3차,y18-29,1719579 
2022-01-09,3차,y18-29,1635369 
2022-01-08,3차,y18-29,1631561 
2022-01-07,3차,y18-29,1579629 
2022-01-06,3차,y18-29,1500100 
2022-01-05,3차,y18-29,1437925 
2022-01-04,3차,y18-29,1384546 
2022-01-02,3차,y18-29,1330962 
2022-01-01,3차,y18-29,1348579 
2021-12-31,3차,y18-29,1326211 
2021-12-30,3차,y18-29,1244495 
2021-12-29,3차,y18-29,1172604 
2021-12-28,3차,y18-29,1095563 
2021-12-26,3차,y18-29,1013995 
2021-12-25,3차,y18-29,918202 
2021-12-24,3차,y18-29,895684 
2021-12-23,3차,y18-29,827615 
2021-12-22,3차,y18-29,762583 
2021-12-21,3차,y18-29,682520 
2021-12-19,3차,y18-29,612682 
2021-12-18,3차,y18-29,517326 
2021-12-17,3차,y18-29,455387 
2021-12-16,3차,y18-29,369691 
2021-12-15,3차,y18-29,305102 
2021-12-14,3차,y18-29,250411 
2021-12-12,3차,y18-29,226794 
2021-12-11,3차,y18-29,202261 
2021-12-10,3차,y18-29,189384 
2021-12-09,3차,y18-29,164840 
2021-12-08,3차,y18-29,149700 
2021-12-07,3차,y18-29,136071 
2021-12-06,3차,y18-29,125130 
2021-12-05,3차,y18-29,112344 
2021-12-04,3차,y18-29,111868 
2021-12-03,3차,y18-29,106286 
2021-12-02,3차,y18-29,95670 
2021-12-01,3차,y18-29,88763 
2022-02-17,3차,y30-39,3293435 
2022-02-16,3차,y30-39,3258517 
2022-02-15,3차,y30-39,3236412 
2022-02-14,3차,y30-39,3214554 
2022-02-13,3차,y30-39,3180716 
2022-02-12,3차,y30-39,3179042 
2022-02-11,3차,y30-39,3145008 
2022-02-10,3차,y30-39,3085510 
2022-02-09,3차,y30-39,3046337 
2022-02-08,3차,y30-39,3021824 
2022-02-07,3차,y30-39,2996296 
2022-02-06,3차,y30-39,2953181 
2022-02-05,3차,y30-39,2950651 
2022-02-04,3차,y30-39,2908409 
2022-02-03,3차,y30-39,2838205 
2022-02-02,3차,y30-39,2775542 
2022-02-01,3차,y30-39,2773309 
2022-01-31,3차,y30-39,2772744 
2022-01-30,3차,y30-39,2768243 
2022-01-29,3차,y30-39,2762672 
2022-01-28,3차,y30-39,2685474 
2022-01-27,3차,y30-39,2576416 
2022-01-26,3차,y30-39,2512047 
2022-01-25,3차,y30-39,2464575 
2022-01-24,3차,y30-39,2422726 
2022-01-23,3차,y30-39,2373729 
2022-01-22,3차,y30-39,2370879 
2022-01-21,3차,y30-39,2323012 
2022-01-20,3차,y30-39,2235798 
2022-01-19,3차,y30-39,2184380 
2022-01-18,3차,y30-39,2150254 
2022-01-17,3차,y30-39,2112578 
2022-01-16,3차,y30-39,2051924 
2022-01-15,3차,y30-39,2048800 
2022-01-14,3차,y30-39,2004108 
2022-01-13,3차,y30-39,1916837 
2022-01-12,3차,y30-39,1864897 
2022-01-11,3차,y30-39,1829410 
2022-01-10,3차,y30-39,1791148 
2022-01-09,3차,y30-39,1737116 
2022-01-08,3차,y30-39,1734961 
2022-01-07,3차,y30-39,1702886 
2022-01-06,3차,y30-39,1635330 
2022-01-05,3차,y30-39,1589623 
2022-01-04,3차,y30-39,1557536 
2022-01-02,3차,y30-39,1526014 
2022-01-01,3차,y30-39,1588783 
2021-12-31,3차,y30-39,1580948 
2021-12-30,3차,y30-39,1522350 
2021-12-29,3차,y30-39,1478845 
2021-12-28,3차,y30-39,1438320 
2021-12-26,3차,y30-39,1399470 
2021-12-25,3차,y30-39,1347951 
2021-12-24,3차,y30-39,1340072 
2021-12-23,3차,y30-39,1287444 
2021-12-22,3차,y30-39,1246722 
2021-12-21,3차,y30-39,1209064 
2021-12-19,3차,y30-39,1171227 
2021-12-18,3차,y30-39,1104516 
2021-12-17,3차,y30-39,1056064 
2021-12-16,3차,y30-39,963330 
2021-12-15,3차,y30-39,897980 
2021-12-14,3차,y30-39,844946 
2021-12-12,3차,y30-39,812843 
2021-12-11,3차,y30-39,774942 
2021-12-10,3차,y30-39,760556 
2021-12-09,3차,y30-39,727616 
2021-12-08,3차,y30-39,701957 
2021-12-07,3차,y30-39,684315 
2021-12-06,3차,y30-39,669783 
2021-12-05,3차,y30-39,651295 
2021-12-04,3차,y30-39,650516 
2021-12-03,3차,y30-39,639274 
2021-12-02,3차,y30-39,611787 
2021-12-01,3차,y30-39,589651 
2022-02-17,3차,y40-49,4693860 
2022-02-16,3차,y40-49,4647528 
2022-02-15,3차,y40-49,4614868 
2022-02-14,3차,y40-49,4579396 
2022-02-13,3차,y40-49,4530133 
2022-02-12,3차,y40-49,4528113 
2022-02-11,3차,y40-49,4475310 
2022-02-10,3차,y40-49,4382129 
2022-02-09,3차,y40-49,4324898 
2022-02-08,3차,y40-49,4286458 
2022-02-07,3차,y40-49,4243963 
2022-02-06,3차,y40-49,4180373 
2022-02-05,3차,y40-49,4177387 
2022-02-04,3차,y40-49,4110086 
2022-02-03,3차,y40-49,3997178 
2022-02-02,3차,y40-49,3906303 
2022-02-01,3차,y40-49,3903423 
2022-01-31,3차,y40-49,3902891 
2022-01-30,3차,y40-49,3898272 
2022-01-29,3차,y40-49,3892015 
2022-01-28,3차,y40-49,3783430 
2022-01-27,3차,y40-49,3632323 
2022-01-26,3차,y40-49,3540139 
2022-01-25,3차,y40-49,3465295 
2022-01-24,3차,y40-49,3397437 
2022-01-23,3차,y40-49,3312419 
2022-01-22,3차,y40-49,3308962 
2022-01-21,3차,y40-49,3227339 
2022-01-20,3차,y40-49,3081116 
2022-01-19,3차,y40-49,3000928 
2022-01-18,3차,y40-49,2943864 
2022-01-17,3차,y40-49,2874030 
2022-01-16,3차,y40-49,2768630 
2022-01-15,3차,y40-49,2764362 
2022-01-14,3차,y40-49,2682852 
2022-01-13,3차,y40-49,2524009 
2022-01-12,3차,y40-49,2438400 
2022-01-11,3차,y40-49,2375403 
2022-01-10,3차,y40-49,2303717 
2022-01-09,3차,y40-49,2211025 
2022-01-08,3차,y40-49,2208254 
2022-01-07,3차,y40-49,2151347 
2022-01-06,3차,y40-49,2030713 
2022-01-05,3차,y40-49,1955644 
2022-01-04,3차,y40-49,1903159 
2022-01-02,3차,y40-49,1850300 
2022-01-01,3차,y40-49,1770109 
2021-12-31,3차,y40-49,1760411 
2021-12-30,3차,y40-49,1654603 
2021-12-29,3차,y40-49,1578240 
2021-12-28,3차,y40-49,1509410 
2021-12-26,3차,y40-49,1440555 
2021-12-25,3차,y40-49,1351568 
2021-12-24,3차,y40-49,1339330 
2021-12-23,3차,y40-49,1234500 
2021-12-22,3차,y40-49,1169809 
2021-12-21,3차,y40-49,1111154 
2021-12-19,3차,y40-49,1054063 
2021-12-18,3차,y40-49,968477 
2021-12-17,3차,y40-49,891107 
2021-12-16,3차,y40-49,750761 
2021-12-15,3차,y40-49,665013 
2021-12-14,3차,y40-49,586932 
2021-12-12,3차,y40-49,541255 
2021-12-11,3차,y40-49,495753 
2021-12-10,3차,y40-49,479765 
2021-12-09,3차,y40-49,445034 
2021-12-08,3차,y40-49,424858 
2021-12-07,3차,y40-49,408507 
2021-12-06,3차,y40-49,393893 
2021-12-05,3차,y40-49,378967 
2021-12-04,3차,y40-49,378469 
2021-12-03,3차,y40-49,368929 
2021-12-02,3차,y40-49,347511 
2021-12-01,3차,y40-49,333964 
2022-02-17,3차,y50-59,6460301 
2022-02-16,3차,y50-59,6427938 
2022-02-15,3차,y50-59,6400456 
2022-02-14,3차,y50-59,6369383 
2022-02-13,3차,y50-59,6329926 
2022-02-12,3차,y50-59,6328650 
2022-02-11,3차,y50-59,6291328 
2022-02-10,3차,y50-59,6228160 
2022-02-09,3차,y50-59,6185823 
2022-02-08,3차,y50-59,6154004 
2022-02-07,3차,y50-59,6118047 
2022-02-06,3차,y50-59,6070319 
2022-02-05,3차,y50-59,6068586 
2022-02-04,3차,y50-59,6026912 
2022-02-03,3차,y50-59,5956217 
2022-02-02,3차,y50-59,5894643 
2022-02-01,3차,y50-59,5893058 
2022-01-31,3차,y50-59,5892749 
2022-01-30,3차,y50-59,5889901 
2022-01-29,3차,y50-59,5886419 
2022-01-28,3차,y50-59,5820116 
2022-01-27,3차,y50-59,5729734 
2022-01-26,3차,y50-59,5671483 
2022-01-25,3차,y50-59,5621479 
2022-01-24,3차,y50-59,5569471 
2022-01-23,3차,y50-59,5509714 
2022-01-22,3차,y50-59,5507216 
2022-01-21,3차,y50-59,5440097 
2022-01-20,3차,y50-59,5330914 
2022-01-19,3차,y50-59,5265173 
2022-01-18,3차,y50-59,5210547 
2022-01-17,3차,y50-59,5140419 
2022-01-16,3차,y50-59,5046360 
2022-01-15,3차,y50-59,5042316 
2022-01-14,3차,y50-59,4933314 
2022-01-13,3차,y50-59,4754626 
2022-01-12,3차,y50-59,4653945 
2022-01-11,3차,y50-59,4561960 
2022-01-10,3차,y50-59,4446473 
2022-01-09,3차,y50-59,4302409 
2022-01-08,3차,y50-59,4296934 
2022-01-07,3차,y50-59,4131778 
2022-01-06,3차,y50-59,3892515 
2022-01-05,3차,y50-59,3759170 
2022-01-04,3차,y50-59,3633785 
2022-01-02,3차,y50-59,3494133 
2022-01-01,3차,y50-59,3603142 
2021-12-31,3차,y50-59,3583424 
2021-12-30,3차,y50-59,3276806 
2021-12-29,3차,y50-59,3078180 
2021-12-28,3차,y50-59,2894907 
2021-12-26,3차,y50-59,2681131 
2021-12-25,3차,y50-59,2397420 
2021-12-24,3차,y50-59,2374410 
2021-12-23,3차,y50-59,2133911 
2021-12-22,3차,y50-59,1991897 
2021-12-21,3차,y50-59,1854677 
2021-12-19,3차,y50-59,1704285 
2021-12-18,3차,y50-59,1494407 
2021-12-17,3차,y50-59,1345081 
2021-12-16,3차,y50-59,1084073 
2021-12-15,3차,y50-59,899363 
2021-12-14,3차,y50-59,715753 
2021-12-12,3차,y50-59,606976 
2021-12-11,3차,y50-59,516884 
2021-12-10,3차,y50-59,496652 
2021-12-09,3차,y50-59,449655 
2021-12-08,3차,y50-59,424415 
2021-12-07,3차,y50-59,403672 
2021-12-06,3차,y50-59,382832 
2021-12-05,3차,y50-59,363532 
2021-12-04,3차,y50-59,363187 
2021-12-03,3차,y50-59,354316 
2021-12-02,3차,y50-59,332150 
2021-12-01,3차,y50-59,318898 
2022-02-17,3차,y60-69,6470878 
2022-02-16,3차,y60-69,6460682 
2022-02-15,3차,y60-69,6450811 
2022-02-14,3차,y60-69,6439309 
2022-02-13,3차,y60-69,6426080 
2022-02-12,3차,y60-69,6425838 
2022-02-11,3차,y60-69,6417412 
2022-02-10,3차,y60-69,6400276 
2022-02-09,3차,y60-69,6387161 
2022-02-08,3차,y60-69,6376122 
2022-02-07,3차,y60-69,6362890 
2022-02-06,3차,y60-69,6347393 
2022-02-05,3차,y60-69,6347123 
2022-02-04,3차,y60-69,6338609 
2022-02-03,3차,y60-69,6319616 
2022-02-02,3차,y60-69,6301209 
2022-02-01,3차,y60-69,6300928 
2022-01-31,3차,y60-69,6300868 
2022-01-30,3차,y60-69,6300392 
2022-01-29,3차,y60-69,6299815 
2022-01-28,3차,y60-69,6287031 
2022-01-27,3차,y60-69,6264037 
2022-01-26,3차,y60-69,6246852 
2022-01-25,3차,y60-69,6230514 
2022-01-24,3차,y60-69,6211705 
2022-01-23,3차,y60-69,6192513 
2022-01-22,3차,y60-69,6192101 
2022-01-21,3차,y60-69,6177886 
2022-01-20,3차,y60-69,6149530 
2022-01-19,3차,y60-69,6129004 
2022-01-18,3차,y60-69,6109733 
2022-01-17,3차,y60-69,6082827 
2022-01-16,3차,y60-69,6052682 
2022-01-15,3차,y60-69,6051925 
2022-01-14,3차,y60-69,6027344 
2022-01-13,3차,y60-69,5981882 
2022-01-12,3차,y60-69,5950154 
2022-01-11,3차,y60-69,5916020 
2022-01-10,3차,y60-69,5870875 
2022-01-09,3차,y60-69,5822004 
2022-01-08,3차,y60-69,5820966 
2022-01-07,3차,y60-69,5770356 
2022-01-06,3차,y60-69,5698081 
2022-01-05,3차,y60-69,5649957 
2022-01-04,3차,y60-69,5595740 
2022-01-02,3차,y60-69,5527228 
2022-01-01,3차,y60-69,5407575 
2021-12-31,3차,y60-69,5402864 
2021-12-30,3차,y60-69,5249976 
2021-12-29,3차,y60-69,5133473 
2021-12-28,3차,y60-69,5002480 
2021-12-26,3차,y60-69,4834447 
2021-12-25,3차,y60-69,4649390 
2021-12-24,3차,y60-69,4636112 
2021-12-23,3차,y60-69,4363750 
2021-12-22,3차,y60-69,4154064 
2021-12-21,3차,y60-69,3923316 
2021-12-19,3차,y60-69,3644874 
2021-12-18,3차,y60-69,3370949 
2021-12-17,3차,y60-69,3186368 
2021-12-16,3차,y60-69,2779764 
2021-12-15,3차,y60-69,2446660 
2021-12-14,3차,y60-69,2100099 
2021-12-12,3차,y60-69,1739121 
2021-12-11,3차,y60-69,1397885 
2021-12-10,3차,y60-69,1253861 
2021-12-09,3차,y60-69,931770 
2021-12-08,3차,y60-69,746030 
2021-12-07,3차,y60-69,654396 
2021-12-06,3차,y60-69,572050 
2021-12-05,3차,y60-69,500915 
2021-12-04,3차,y60-69,499946 
2021-12-03,3차,y60-69,473092 
2021-12-02,3차,y60-69,418897 
2021-12-01,3차,y60-69,391588 
2022-02-17,3차,y70-79,3509420 
2022-02-16,3차,y70-79,3506994 
2022-02-15,3차,y70-79,3504566 
2022-02-14,3차,y70-79,3501592 
2022-02-13,3차,y70-79,3498367 
2022-02-12,3차,y70-79,3498336 
2022-02-11,3차,y70-79,3496955 
2022-02-10,3차,y70-79,3492999 
2022-02-09,3차,y70-79,3489399 
2022-02-08,3차,y70-79,3486292 
2022-02-07,3차,y70-79,3482522 
2022-02-06,3차,y70-79,3478589 
2022-02-05,3차,y70-79,3478554 
2022-02-04,3차,y70-79,3477122 
2022-02-03,3차,y70-79,3472617 
2022-02-02,3차,y70-79,3468167 
2022-02-01,3차,y70-79,3468132 
2022-01-31,3차,y70-79,3468125 
2022-01-30,3차,y70-79,3468081 
2022-01-29,3차,y70-79,3468046 
2022-01-28,3차,y70-79,3466513 
2022-01-27,3차,y70-79,3462186 
2022-01-26,3차,y70-79,3457883 
2022-01-25,3차,y70-79,3453616 
2022-01-24,3차,y70-79,3448581 
2022-01-23,3차,y70-79,3443731 
2022-01-22,3차,y70-79,3443677 
2022-01-21,3차,y70-79,3441663 
2022-01-20,3차,y70-79,3435476 
2022-01-19,3차,y70-79,3429934 
2022-01-18,3차,y70-79,3424842 
2022-01-17,3차,y70-79,3417348 
2022-01-16,3차,y70-79,3409551 
2022-01-15,3차,y70-79,3409479 
2022-01-14,3차,y70-79,3406344 
2022-01-13,3차,y70-79,3396892 
2022-01-12,3차,y70-79,3388984 
2022-01-11,3차,y70-79,3379951 
2022-01-10,3차,y70-79,3367779 
2022-01-09,3차,y70-79,3355298 
2022-01-08,3차,y70-79,3355197 
2022-01-07,3차,y70-79,3348889 
2022-01-06,3차,y70-79,3335127 
2022-01-05,3차,y70-79,3323063 
2022-01-04,3차,y70-79,3308184 
2022-01-02,3차,y70-79,3288791 
2022-01-01,3차,y70-79,3128540 
2021-12-31,3차,y70-79,3128071 
2021-12-30,3차,y70-79,3101301 
2021-12-29,3차,y70-79,3071962 
2021-12-28,3차,y70-79,3036326 
2021-12-26,3차,y70-79,2990244 
2021-12-25,3차,y70-79,2947575 
2021-12-24,3차,y70-79,2946115 
2021-12-23,3차,y70-79,2885759 
2021-12-22,3차,y70-79,2827511 
2021-12-21,3차,y70-79,2761252 
2021-12-19,3차,y70-79,2672671 
2021-12-18,3차,y70-79,2576538 
2021-12-17,3차,y70-79,2531932 
2021-12-16,3차,y70-79,2372542 
2021-12-15,3차,y70-79,2223896 
2021-12-14,3차,y70-79,2049216 
2021-12-12,3차,y70-79,1847757 
2021-12-11,3차,y70-79,1657099 
2021-12-10,3차,y70-79,1584813 
2021-12-09,3차,y70-79,1336203 
2021-12-08,3차,y70-79,1214201 
2021-12-07,3차,y70-79,1124090 
2021-12-06,3차,y70-79,1030785 
2021-12-05,3차,y70-79,939121 
2021-12-04,3차,y70-79,938654 
2021-12-03,3차,y70-79,914936 
2021-12-02,3차,y70-79,832538 
2021-12-01,3차,y70-79,778064 
2022-02-17,3차,y80,2037818 
2022-02-16,3차,y80,2036591 
2022-02-15,3차,y80,2035287 
2022-02-14,3차,y80,2033824 
2022-02-13,3차,y80,2032480 
2022-02-12,3차,y80,2032466 
2022-02-11,3차,y80,2031972 
2022-02-10,3차,y80,2030242 
2022-02-09,3차,y80,2028362 
2022-02-08,3차,y80,2026665 
2022-02-07,3차,y80,2024900 
2022-02-06,3차,y80,2023386 
2022-02-05,3차,y80,2023370 
2022-02-04,3차,y80,2022816 
2022-02-03,3차,y80,2021059 
2022-02-02,3차,y80,2019342 
2022-02-01,3차,y80,2019329 
2022-01-31,3차,y80,2019327 
2022-01-30,3차,y80,2019295 
2022-01-29,3차,y80,2019282 
2022-01-28,3차,y80,2018768 
2022-01-27,3차,y80,2016736 
2022-01-26,3차,y80,2014156 
2022-01-25,3차,y80,2011606 
2022-01-24,3차,y80,2008686 
2022-01-23,3차,y80,2006164 
2022-01-22,3차,y80,2006138 
2022-01-21,3차,y80,2005287 
2022-01-20,3차,y80,2002434 
2022-01-19,3차,y80,1999196 
2022-01-18,3차,y80,1996485 
2022-01-17,3차,y80,1993143 
2022-01-16,3차,y80,1989837 
2022-01-15,3차,y80,1989797 
2022-01-14,3차,y80,1988814 
2022-01-13,3차,y80,1985301 
2022-01-12,3차,y80,1981748 
2022-01-11,3차,y80,1977657 
2022-01-10,3차,y80,1972908 
2022-01-09,3차,y80,1968260 
2022-01-08,3차,y80,1968224 
2022-01-07,3차,y80,1967012 
2022-01-06,3차,y80,1963041 
2022-01-05,3차,y80,1958524 
2022-01-04,3차,y80,1953943 
2022-01-02,3차,y80,1948405 
2022-01-01,3차,y80,1630020 
2021-12-31,3차,y80,1629892 
2021-12-30,3차,y80,1624068 
2021-12-29,3차,y80,1615910 
2021-12-28,3차,y80,1605752 
2021-12-26,3차,y80,1593298 
2021-12-25,3차,y80,1583362 
2021-12-24,3차,y80,1583050 
2021-12-23,3차,y80,1571513 
2021-12-22,3차,y80,1556959 
2021-12-21,3차,y80,1539913 
2021-12-19,3차,y80,1518048 
2021-12-18,3차,y80,1495926 
2021-12-17,3차,y80,1488938 
2021-12-16,3차,y80,1461003 
2021-12-15,3차,y80,1428884 
2021-12-14,3차,y80,1390123 
2021-12-12,3차,y80,1345202 
2021-12-11,3차,y80,1302398 
2021-12-10,3차,y80,1287713 
2021-12-09,3차,y80,1234616 
2021-12-08,3차,y80,1182336 
2021-12-07,3차,y80,1127470 
2021-12-06,3차,y80,1067976 
2021-12-05,3차,y80,1010227 
2021-12-04,3차,y80,1009969 
2021-12-03,3차,y80,995321 
2021-12-02,3차,y80,931861 
2021-12-01,3차,y80,884893 
